jaisankar,jaisankar@20minutemail.it,+913717493570
nauhar,nauhar@20minutemail.it,+917056851831
raajaganabhathi,raajaganabhathi@20minutemail.it,+913231108670
mithani,mithani@20minutemail.it,+913171705086
aswathy,aswathy@20minutemail.it,+913121024883
neeraj,neeraj@20minutemail.it,+917432908532
unadakat,unadakat@20minutemail.it,+919026091081
kanaklata,kanaklata@20minutemail.it,+914574933974
deshna,deshna@20minutemail.it,+913927555085
amladi,amladi@20minutemail.it,+915686952453
gummadidala,gummadidala@20minutemail.it,+916436304154
loka,loka@20minutemail.it,+919241668317
arun,arun@20minutemail.it,+917238471681
prajval,prajval@20minutemail.it,+911474091182
ritisha,ritisha@20minutemail.it,+917882807769
vithika,vithika@20minutemail.it,+913027754431
babala,babala@20minutemail.it,+918648835261
ranvitha,ranvitha@20minutemail.it,+913778425343
sutanuka,sutanuka@20minutemail.it,+915989659830
prosenjit,prosenjit@20minutemail.it,+919532611821
pushpaj,pushpaj@20minutemail.it,+912056189602
ranak,ranak@20minutemail.it,+912471882683
agniprava,agniprava@20minutemail.it,+913665393859
patharia,patharia@20minutemail.it,+914900610543
nimmana,nimmana@20minutemail.it,+918924144730
aniruddha,aniruddha@20minutemail.it,+911728227617
parnika,parnika@20minutemail.it,+914947953392
majety,majety@20minutemail.it,+914294495784
ravichand,ravichand@20minutemail.it,+912387038500
amanpreet,amanpreet@20minutemail.it,+917151550983
savir,savir@20minutemail.it,+917963971671
manikandan,manikandan@20minutemail.it,+911254028335
parvathy,parvathy@20minutemail.it,+919973687510
alpita,alpita@20minutemail.it,+914749031507
prasada,prasada@20minutemail.it,+915170481386
ilhaam,ilhaam@20minutemail.it,+914967155126
balasubramaniyan,balasubramaniyan@20minutemail.it,+912967972151
daulat,daulat@20minutemail.it,+913333229617
vasusen,vasusen@20minutemail.it,+919351377711
vajrin,vajrin@20minutemail.it,+918292644965
meeza,meeza@20minutemail.it,+916307372354
rapti,rapti@20minutemail.it,+916371206918
palak,palak@20minutemail.it,+914634776564
pratosh,pratosh@20minutemail.it,+918805146530
prawal,prawal@20minutemail.it,+911929949182
raya,raya@20minutemail.it,+914656168873
haritbaran,haritbaran@20minutemail.it,+918322276109
udaya,udaya@20minutemail.it,+918491426143
raeleah,raeleah@20minutemail.it,+918441785573
vadivelan,vadivelan@20minutemail.it,+917440214952
nagnor,nagnor@20minutemail.it,+913813622420
yashila,yashila@20minutemail.it,+917981671686
virendri,virendri@20minutemail.it,+918535114576
rengaswamy,rengaswamy@20minutemail.it,+915712127420
marichi,marichi@20minutemail.it,+911150375965
ranjay,ranjay@20minutemail.it,+919823808764
simit,simit@20minutemail.it,+919612284724
saini,saini@20minutemail.it,+918296724499
jayshing,jayshing@20minutemail.it,+918061536213
annjaya,annjaya@20minutemail.it,+915832717600
soham,soham@20minutemail.it,+911748432456
rajwant,rajwant@20minutemail.it,+917034280739
druthi,druthi@20minutemail.it,+912838614649
samaya,samaya@20minutemail.it,+916046059862
satvari,satvari@20minutemail.it,+911268213217
jagjit,jagjit@20minutemail.it,+911731978907
nafrin,nafrin@20minutemail.it,+918858749069
goley,goley@20minutemail.it,+919135985966
ahmad,ahmad@20minutemail.it,+913423818103
madani,madani@20minutemail.it,+913902904676
ruchira,ruchira@20minutemail.it,+916021145328
jeevan,jeevan@20minutemail.it,+913421695656
chandrayan,chandrayan@20minutemail.it,+919677995000
krishnakanta,krishnakanta@20minutemail.it,+913007393915
jayashri,jayashri@20minutemail.it,+919004625855
aahlaad,aahlaad@20minutemail.it,+915553433229
satyanarayan,satyanarayan@20minutemail.it,+912485622009
dayanand,dayanand@20minutemail.it,+918603921913
parakram,parakram@20minutemail.it,+912468804407
mahijuba,mahijuba@20minutemail.it,+914030360127
trilokesh,trilokesh@20minutemail.it,+917288949482
parshuram,parshuram@20minutemail.it,+913377316129
parhi,parhi@20minutemail.it,+913682138843
mayureshwer,mayureshwer@20minutemail.it,+913048901081
ashrita,ashrita@20minutemail.it,+916838490369
sodha,sodha@20minutemail.it,+915152381425
deoras,deoras@20minutemail.it,+914081854148
aseema,aseema@20minutemail.it,+915154784533
patralekha,patralekha@20minutemail.it,+914612652966
anbu,anbu@20minutemail.it,+916731296378
lahiry,lahiry@20minutemail.it,+911593484539
ravisharan,ravisharan@20minutemail.it,+911978404739
himani,himani@20minutemail.it,+915791839274
gora,gora@20minutemail.it,+917081492852
raghuram,raghuram@20minutemail.it,+912124002280
somanshu,somanshu@20minutemail.it,+916016685468
sagir,sagir@20minutemail.it,+914937436823
shatha,shatha@20minutemail.it,+913208905092
shushma,shushma@20minutemail.it,+912044523233
rajnandini,rajnandini@20minutemail.it,+917351133345
vakhariya,vakhariya@20minutemail.it,+916154581906
sasidharan,sasidharan@20minutemail.it,+911529554900
vanadev,vanadev@20minutemail.it,+914864553501
mallesh,mallesh@20minutemail.it,+914126436134
saeeda,saeeda@20minutemail.it,+914861286464
prabhakara,prabhakara@20minutemail.it,+912568616250
ruan,ruan@20minutemail.it,+919053114262
paudel,paudel@20minutemail.it,+911285115960
shaadiya,shaadiya@20minutemail.it,+916259812573
krishnakali,krishnakali@20minutemail.it,+917284222276
anilkumar,anilkumar@20minutemail.it,+919353636660
turya,turya@20minutemail.it,+917612219042
dikhani,dikhani@20minutemail.it,+912406082069
munaga,munaga@20minutemail.it,+917384263113
arvend,arvend@20minutemail.it,+915911797966
rohak,rohak@20minutemail.it,+917304352759
shaonli,shaonli@20minutemail.it,+914857035945
udantika,udantika@20minutemail.it,+916050653253
pinamaneni,pinamaneni@20minutemail.it,+919178206813
kriday,kriday@20minutemail.it,+914908706583
tuvidyumna,tuvidyumna@20minutemail.it,+915308980814
dipesh,dipesh@20minutemail.it,+916330023223
rukmani,rukmani@20minutemail.it,+919878251368
basak,basak@20minutemail.it,+917997757118
anjasa,anjasa@20minutemail.it,+917757713894
baladhitya,baladhitya@20minutemail.it,+915061833979
parmeet,parmeet@20minutemail.it,+919093880796
abdul-ghafoor,abdul-ghafoor@20minutemail.it,+912082369691
shray,shray@20minutemail.it,+912028688352
fateen,fateen@20minutemail.it,+912353968516
ashis,ashis@20minutemail.it,+912388857611
oturkar,oturkar@20minutemail.it,+914477035268
prodyot,prodyot@20minutemail.it,+917620937259
khurana,khurana@20minutemail.it,+913989164770
kumaresan,kumaresan@20minutemail.it,+915286616788
ishir,ishir@20minutemail.it,+916627747609
kashmir,kashmir@20minutemail.it,+911209713289
vittal,vittal@20minutemail.it,+913637078269
motwani,motwani@20minutemail.it,+915636899833
vamita,vamita@20minutemail.it,+911213823507
chunmay,chunmay@20minutemail.it,+917890012155
anukool,anukool@20minutemail.it,+914951463187
phuladi,phuladi@20minutemail.it,+915417357958
manaal,manaal@20minutemail.it,+911297598787
deshai,deshai@20minutemail.it,+918379392411
sabal,sabal@20minutemail.it,+918876438712
padmalaya,padmalaya@20minutemail.it,+919921187536
ancy,ancy@20minutemail.it,+917749449921
vasita,vasita@20minutemail.it,+919197196622
sakharam,sakharam@20minutemail.it,+917042397722
mithal,mithal@20minutemail.it,+914989485696
majida,majida@20minutemail.it,+919581494741
kanthed,kanthed@20minutemail.it,+911923030123
harsha,harsha@20minutemail.it,+918583004950
malashree,malashree@20minutemail.it,+916756038783
mrutyunjaya,mrutyunjaya@20minutemail.it,+916356151302
jeemon,jeemon@20minutemail.it,+918659049400
jaby,jaby@20minutemail.it,+918329004335
koradia,koradia@20minutemail.it,+917656617105
mouli,mouli@20minutemail.it,+917182205569
miland,miland@20minutemail.it,+912010692125
shama,shama@20minutemail.it,+919637208374
gordhan,gordhan@20minutemail.it,+919456627849
thatte,thatte@20minutemail.it,+911774154713
gopeshwar,gopeshwar@20minutemail.it,+918820838865
satyapal,satyapal@20minutemail.it,+917068064802
maharshi,maharshi@20minutemail.it,+914796657827
ranjeet,ranjeet@20minutemail.it,+913604724671
sureshwari,sureshwari@20minutemail.it,+912300485664
neelamani,neelamani@20minutemail.it,+918984409797
deobroto,deobroto@20minutemail.it,+914004292868
brajraj,brajraj@20minutemail.it,+913160811724
sushruta,sushruta@20minutemail.it,+916367557802
pritika,pritika@20minutemail.it,+919581091655
biswajit,biswajit@20minutemail.it,+917656662023
shresthi,shresthi@20minutemail.it,+919312001297
rajalakshmi,rajalakshmi@20minutemail.it,+918809160048
jimi,jimi@20minutemail.it,+912145988514
shaw,shaw@20minutemail.it,+913760661597
kharat,kharat@20minutemail.it,+914248435416
shashiprabha,shashiprabha@20minutemail.it,+915553890715
minati,minati@20minutemail.it,+913110773770
verghese,verghese@20minutemail.it,+918202846847
chanchala,chanchala@20minutemail.it,+916807157257
kamalini,kamalini@20minutemail.it,+912266435978
vishwadeep,vishwadeep@20minutemail.it,+913796318727
damaraju,damaraju@20minutemail.it,+912253085412
svang,svang@20minutemail.it,+916835700696
selvakumar,selvakumar@20minutemail.it,+919695176933
snigda,snigda@20minutemail.it,+912436603064
ratish,ratish@20minutemail.it,+919100105466
natasha,natasha@20minutemail.it,+918695961364
sawan,sawan@20minutemail.it,+919108813039
palaksi,palaksi@20minutemail.it,+916622713227
shashibhushan,shashibhushan@20minutemail.it,+915293780906
dhamankar,dhamankar@20minutemail.it,+918920713795
ansh,ansh@20minutemail.it,+916033406125
iyengar,iyengar@20minutemail.it,+915644968517
chaturvedula,chaturvedula@20minutemail.it,+917918223629
vikunth,vikunth@20minutemail.it,+914158043228
prajeet,prajeet@20minutemail.it,+913186995405
padala,padala@20minutemail.it,+919979625439
muslim,muslim@20minutemail.it,+917156165265
farid,farid@20minutemail.it,+917873050963
khair,khair@20minutemail.it,+913124170233
vijaykrishnan,vijaykrishnan@20minutemail.it,+917932086605
pulak,pulak@20minutemail.it,+912711196585
vighnaraj,vighnaraj@20minutemail.it,+912194126028
sudhith,sudhith@20minutemail.it,+919960610083
kanawade,kanawade@20minutemail.it,+911277439322
tuheena,tuheena@20minutemail.it,+914061482069
upada,upada@20minutemail.it,+918245459335
sadhna,sadhna@20minutemail.it,+916247916703
shreekrishna,shreekrishna@20minutemail.it,+918246072250
sarbari,sarbari@20minutemail.it,+916703382963
chittesh,chittesh@20minutemail.it,+916166400407
sahay,sahay@20minutemail.it,+918875194033
chitkala,chitkala@20minutemail.it,+916499809312
anudeepthi,anudeepthi@20minutemail.it,+915744023599
lokesh,lokesh@20minutemail.it,+919696581667
purn,purn@20minutemail.it,+914126489155
striratna,striratna@20minutemail.it,+912040490098
anandi,anandi@20minutemail.it,+916226317583
munjal,munjal@20minutemail.it,+913962032517
bagaitkar,bagaitkar@20minutemail.it,+916518312031
milton,milton@20minutemail.it,+919532720362
kalpa,kalpa@20minutemail.it,+917346179440
sailendu,sailendu@20minutemail.it,+919828491454
ratnabali,ratnabali@20minutemail.it,+919758830130
akshay,akshay@20minutemail.it,+914842120805
bimala,bimala@20minutemail.it,+915450404673
pradarsh,pradarsh@20minutemail.it,+919034054876
chandrakumar,chandrakumar@20minutemail.it,+912808398619
bijutkar,bijutkar@20minutemail.it,+914112197030
stephen,stephen@20minutemail.it,+911649838813
vino,vino@20minutemail.it,+914082558691
nikhila,nikhila@20minutemail.it,+918504341959
shallu,shallu@20minutemail.it,+914391368899
aggarwal,aggarwal@20minutemail.it,+913483665063
ashishkumar,ashishkumar@20minutemail.it,+913439452526
jerry,jerry@20minutemail.it,+913258583201
ankur,ankur@20minutemail.it,+911408722736
meeza,meeza@20minutemail.it,+919086276599
aliasger,aliasger@20minutemail.it,+915133591448
sanket,sanket@20minutemail.it,+919356755667
chandrakishore,chandrakishore@20minutemail.it,+919118839188
yazdi,yazdi@20minutemail.it,+919456541741
chaunta,chaunta@20minutemail.it,+914671026622
kochhar,kochhar@20minutemail.it,+913461070893
parasrampuria,parasrampuria@20minutemail.it,+918551466977
bishamber,bishamber@20minutemail.it,+913260043088
sanoja,sanoja@20minutemail.it,+915154245143
nag-raj,nag-raj@20minutemail.it,+917320268588
rajuldevi,rajuldevi@20minutemail.it,+919361807308
rajamani,rajamani@20minutemail.it,+911193282866
sanjagiri,sanjagiri@20minutemail.it,+914350631079
rajeeb,rajeeb@20minutemail.it,+919602136253
seemantini,seemantini@20minutemail.it,+915039117033
varda,varda@20minutemail.it,+912994071675
purohit,purohit@20minutemail.it,+913288508153
hariaksa,hariaksa@20minutemail.it,+911336347237
patna,patna@20minutemail.it,+911896178499
chakori,chakori@20minutemail.it,+916633552004
kotteswari,kotteswari@20minutemail.it,+911365772483
aashalata,aashalata@20minutemail.it,+911170987812
kajale,kajale@20minutemail.it,+915232541926
saurabh,saurabh@20minutemail.it,+919106108183
parinita,parinita@20minutemail.it,+918811019518
kina,kina@20minutemail.it,+919487233065
abhinanda,abhinanda@20minutemail.it,+911787338466
sarbajit,sarbajit@20minutemail.it,+911980901808
umaarah,umaarah@20minutemail.it,+919045068399
bhatreja,bhatreja@20minutemail.it,+918966033505
praneeta,praneeta@20minutemail.it,+917624934156
sha'quarria,sha'quarria@20minutemail.it,+916372400586
sumeer,sumeer@20minutemail.it,+917121512864
vanca,vanca@20minutemail.it,+917043964793
bimalkanti,bimalkanti@20minutemail.it,+911450585359
gitashri,gitashri@20minutemail.it,+911462501737
kanv,kanv@20minutemail.it,+911739217642
deshna,deshna@20minutemail.it,+915957105944
devabrata,devabrata@20minutemail.it,+911240940525
rhea,rhea@20minutemail.it,+917129075373
tamadhur,tamadhur@20minutemail.it,+919504712357
agroyee,agroyee@20minutemail.it,+912168540688
majhar,majhar@20minutemail.it,+919968800114
dinakar,dinakar@20minutemail.it,+918172471293
nazeera,nazeera@20minutemail.it,+914810386351
bhavik,bhavik@20minutemail.it,+919396224548
lalitha,lalitha@20minutemail.it,+912787060875
yamuni,yamuni@20minutemail.it,+916620872222
shrika,shrika@20minutemail.it,+918336344944
bandhopadhyay,bandhopadhyay@20minutemail.it,+914063730464
mujaahid,mujaahid@20minutemail.it,+916070976088
tarit,tarit@20minutemail.it,+919607307407
gandhari,gandhari@20minutemail.it,+915497904453
chandrakumar,chandrakumar@20minutemail.it,+914527022825
sumon,sumon@20minutemail.it,+912354047365
shubhranshu,shubhranshu@20minutemail.it,+916707313159
batra,batra@20minutemail.it,+913220109168
niraj,niraj@20minutemail.it,+914642987976
siddartha,siddartha@20minutemail.it,+918733042374
sanand,sanand@20minutemail.it,+915860828731
sharani,sharani@20minutemail.it,+913155061294
kalaiarasan,kalaiarasan@20minutemail.it,+916136845153
hasit,hasit@20minutemail.it,+918747024914
shankara,shankara@20minutemail.it,+918832589610
babulal,babulal@20minutemail.it,+919212352533
bishnu,bishnu@20minutemail.it,+918152548451
milin,milin@20minutemail.it,+914139895395
gogula,gogula@20minutemail.it,+914871336489
jaywant,jaywant@20minutemail.it,+911651697389
samal,samal@20minutemail.it,+913623548803
kaushiki,kaushiki@20minutemail.it,+916480221994
keshika,keshika@20minutemail.it,+917252855025
dewal,dewal@20minutemail.it,+917714742123
mahir,mahir@20minutemail.it,+919919404929
abhiprithi,abhiprithi@20minutemail.it,+918306496418
chopra,chopra@20minutemail.it,+913502925067
vashishtha,vashishtha@20minutemail.it,+913055673941
shaukat,shaukat@20minutemail.it,+916009896436
sultan,sultan@20minutemail.it,+919546012618
mehrotri,mehrotri@20minutemail.it,+914794143061
sarathi,sarathi@20minutemail.it,+918818898453
kachhwaha,kachhwaha@20minutemail.it,+919397472312
fidaa,fidaa@20minutemail.it,+915194850299
meenu,meenu@20minutemail.it,+912389875193
pathik,pathik@20minutemail.it,+912175847808
roberts,roberts@20minutemail.it,+912017458838
nikhilesh,nikhilesh@20minutemail.it,+911871236273
chandrajyoti,chandrajyoti@20minutemail.it,+912469092200
bhuwania,bhuwania@20minutemail.it,+916386789271
ramchandran,ramchandran@20minutemail.it,+917744805313
sidak,sidak@20minutemail.it,+913499112337
chapala,chapala@20minutemail.it,+913994425687
sadhasivan,sadhasivan@20minutemail.it,+915092836777
salvadore,salvadore@20minutemail.it,+916242788715
bibhorhalan,bibhorhalan@20minutemail.it,+913004226996
pruthivi,pruthivi@20minutemail.it,+915656104471
basia,basia@20minutemail.it,+911646985395
purushothaman,purushothaman@20minutemail.it,+916802174597
aryal,aryal@20minutemail.it,+911205493785
rajkotia,rajkotia@20minutemail.it,+916398671308
pethe,pethe@20minutemail.it,+919747700895
somveer,somveer@20minutemail.it,+913416029301
rashid,rashid@20minutemail.it,+914016682196
suhayb,suhayb@20minutemail.it,+916989088157
kirtinath,kirtinath@20minutemail.it,+911615054101
mondal,mondal@20minutemail.it,+914890483927
paul,paul@20minutemail.it,+917105745899
trishanku,trishanku@20minutemail.it,+913083283895
rafikul,rafikul@20minutemail.it,+912213210349
suhash,suhash@20minutemail.it,+918874488819
amruta,amruta@20minutemail.it,+913439181910
samajas,samajas@20minutemail.it,+912550348366
anandhi,anandhi@20minutemail.it,+911275541605
kedia,kedia@20minutemail.it,+913524855951
daga,daga@20minutemail.it,+911686377228
chhangani,chhangani@20minutemail.it,+915603611529
lohitashwa,lohitashwa@20minutemail.it,+917614494675
sameen,sameen@20minutemail.it,+912049796971
nagarjun,nagarjun@20minutemail.it,+917987300115
milun,milun@20minutemail.it,+919521562798
prabhat,prabhat@20minutemail.it,+919011140867
rakhee,rakhee@20minutemail.it,+919739813860
imaad,imaad@20minutemail.it,+916433099627
haridasan,haridasan@20minutemail.it,+917862593384
praviin,praviin@20minutemail.it,+912431580595
dnyanesh,dnyanesh@20minutemail.it,+911866457185
imani,imani@20minutemail.it,+914603628607
hanumant,hanumant@20minutemail.it,+914778920105
nabhanya,nabhanya@20minutemail.it,+916011158852
arju,arju@20minutemail.it,+917108196223
vandhana,vandhana@20minutemail.it,+919372661054
kishanã¢â‚¬,kishanã¢â‚¬@20minutemail.it,+918152514594
firdoos,firdoos@20minutemail.it,+914467435091
tamila,tamila@20minutemail.it,+912046522358
kaphle,kaphle@20minutemail.it,+916221458463
abirami,abirami@20minutemail.it,+912848470155
pujapanda,pujapanda@20minutemail.it,+913685879521
pulin,pulin@20minutemail.it,+911973023207
sudipto,sudipto@20minutemail.it,+916543025784
tamanna,tamanna@20minutemail.it,+919033366034
kaberwal,kaberwal@20minutemail.it,+919039704213
girdhar,girdhar@20minutemail.it,+916673957399
ehimay,ehimay@20minutemail.it,+912303740549
pitti,pitti@20minutemail.it,+915107813538
ansuk,ansuk@20minutemail.it,+913970008163
nema,nema@20minutemail.it,+912417417500
poonish,poonish@20minutemail.it,+916979687003
naaz,naaz@20minutemail.it,+916983247268
milap,milap@20minutemail.it,+911557613990
zerelda,zerelda@20minutemail.it,+911440050071
divetia,divetia@20minutemail.it,+911343663837
chitragandha,chitragandha@20minutemail.it,+912552406093
zankhana,zankhana@20minutemail.it,+913596467878
bhagia,bhagia@20minutemail.it,+919794976551
charana,charana@20minutemail.it,+918104186590
kamesh,kamesh@20minutemail.it,+919896959312
deeta,deeta@20minutemail.it,+914261728744
milap,milap@20minutemail.it,+917925545925
vanadev,vanadev@20minutemail.it,+917162394270
arshad,arshad@20minutemail.it,+912992591471
peruvemba,peruvemba@20minutemail.it,+917868711850
sohni,sohni@20minutemail.it,+911567818074
ramavatar,ramavatar@20minutemail.it,+916431113685
khushboo,khushboo@20minutemail.it,+918538730471
suragan,suragan@20minutemail.it,+918259465634
kamini,kamini@20minutemail.it,+917129155973
ramavtar,ramavtar@20minutemail.it,+917285719322
jaju,jaju@20minutemail.it,+917372446630
vrisangan,vrisangan@20minutemail.it,+916335990613
ananyo,ananyo@20minutemail.it,+918738420454
jethani,jethani@20minutemail.it,+916024434785
ramit,ramit@20minutemail.it,+917733719748
nihar,nihar@20minutemail.it,+911682398692
nipa,nipa@20minutemail.it,+916236389228
sashikant,sashikant@20minutemail.it,+919519517184
vidip,vidip@20minutemail.it,+911360397146
nirmanyu,nirmanyu@20minutemail.it,+913567215882
reetesh,reetesh@20minutemail.it,+911643618361
chetan,chetan@20minutemail.it,+919812996262
neelja,neelja@20minutemail.it,+917121084641
swadhin,swadhin@20minutemail.it,+919039425502
advani,advani@20minutemail.it,+912115074369
kanishka,kanishka@20minutemail.it,+913189212723
lona,lona@20minutemail.it,+918406013942
ihitha,ihitha@20minutemail.it,+917915304166
sumeet,sumeet@20minutemail.it,+919885312101
satyes,satyes@20minutemail.it,+919532185439
mirani,mirani@20minutemail.it,+913349113125
afraa,afraa@20minutemail.it,+912748901916
gorakh-nath,gorakh-nath@20minutemail.it,+913202337039
mithran,mithran@20minutemail.it,+917173305896
khadloya,khadloya@20minutemail.it,+914383514946
sadhan,sadhan@20minutemail.it,+919665837366
kanan,kanan@20minutemail.it,+916865911048
sevara,sevara@20minutemail.it,+915350517097
valsala,valsala@20minutemail.it,+919290732296
avikam,avikam@20minutemail.it,+918093474475
haya,haya@20minutemail.it,+917225031390
prithu,prithu@20minutemail.it,+917342749702
shina,shina@20minutemail.it,+912845165076
velugula,velugula@20minutemail.it,+919848152961
shrimal,shrimal@20minutemail.it,+919604534076
pushpendra,pushpendra@20minutemail.it,+916390844575
varsha,varsha@20minutemail.it,+912876696372
chandrahaas,chandrahaas@20minutemail.it,+913115057097
rangnath,rangnath@20minutemail.it,+915490677284
samprati,samprati@20minutemail.it,+914275610593
pinaki,pinaki@20minutemail.it,+919999868826
rafeeraghav,rafeeraghav@20minutemail.it,+913662108723
dandawate,dandawate@20minutemail.it,+919476331212
pravir,pravir@20minutemail.it,+915152900376
majety,majety@20minutemail.it,+918766985797
abdul-raouf,abdul-raouf@20minutemail.it,+912077122311
jharna,jharna@20minutemail.it,+915125490915
sheehan,sheehan@20minutemail.it,+915791317225
ranya,ranya@20minutemail.it,+915764380259
sanoja,sanoja@20minutemail.it,+916900488031
kalyan,kalyan@20minutemail.it,+914904240394
ila,ila@20minutemail.it,+912361839818
shubhaksh,shubhaksh@20minutemail.it,+917672999799
dinal,dinal@20minutemail.it,+912081249989
avanindra,avanindra@20minutemail.it,+913841452686
yuktha,yuktha@20minutemail.it,+912527632995
batuk,batuk@20minutemail.it,+916028192948
bhaswati,bhaswati@20minutemail.it,+914877831932
shoumya,shoumya@20minutemail.it,+919855750102
nischith,nischith@20minutemail.it,+911559517387
saparia,saparia@20minutemail.it,+919012413280
golechha,golechha@20minutemail.it,+917747555783
abhijit,abhijit@20minutemail.it,+917005106117
kansaria,kansaria@20minutemail.it,+917679688909
prakasha,prakasha@20minutemail.it,+918335052813
matrika,matrika@20minutemail.it,+911502954814
priyadershi,priyadershi@20minutemail.it,+911137200146
singhvi,singhvi@20minutemail.it,+915574924024
satyajit,satyajit@20minutemail.it,+912706707585
jayanot,jayanot@20minutemail.it,+917263059109
durva,durva@20minutemail.it,+911320821317
shinivasa,shinivasa@20minutemail.it,+916302699728
renganathanagarajan,renganathanagarajan@20minutemail.it,+916599036853
bonani,bonani@20minutemail.it,+911146817134
alpa,alpa@20minutemail.it,+919639732779
balasubramaniam,balasubramaniam@20minutemail.it,+912249504522
nainesh,nainesh@20minutemail.it,+917126383950
kamik,kamik@20minutemail.it,+917630196657
madhusudhana,madhusudhana@20minutemail.it,+917757583244
saryu,saryu@20minutemail.it,+911224074072
harodia,harodia@20minutemail.it,+912263966731
chandrakant,chandrakant@20minutemail.it,+914221439930
kasi,kasi@20minutemail.it,+918875592613
rajat,rajat@20minutemail.it,+912005038719
denzil,denzil@20minutemail.it,+914463544014
vasanti,vasanti@20minutemail.it,+915458478485
tomar,tomar@20minutemail.it,+917731486656
paulomi,paulomi@20minutemail.it,+913548416450
kotwani,kotwani@20minutemail.it,+917945762228
kapeel,kapeel@20minutemail.it,+916535509747
giria,giria@20minutemail.it,+915492271376
sayona,sayona@20minutemail.it,+916578321358
shibu,shibu@20minutemail.it,+918827631199
pravinkumar,pravinkumar@20minutemail.it,+917567160451
avishek,avishek@20minutemail.it,+918654538911
yeshvant,yeshvant@20minutemail.it,+912801722868
ramnarayan,ramnarayan@20minutemail.it,+912840705196
worah,worah@20minutemail.it,+918505364887
dheerendra,dheerendra@20minutemail.it,+918123264394
hemachandra,hemachandra@20minutemail.it,+912079763442
gokulananda,gokulananda@20minutemail.it,+919009436850
lakshmi,lakshmi@20minutemail.it,+913941064474
sukhesh,sukhesh@20minutemail.it,+918478413744
kanha,kanha@20minutemail.it,+916770741463
bhanwar,bhanwar@20minutemail.it,+913916976983
andrew,andrew@20minutemail.it,+913849065123
hans,hans@20minutemail.it,+913606890176
barenya,barenya@20minutemail.it,+914403367714
bhanawat,bhanawat@20minutemail.it,+919252052011
balajirao,balajirao@20minutemail.it,+912408294177
tejas,tejas@20minutemail.it,+913815502355
mendu,mendu@20minutemail.it,+912366270119
mansukhlal,mansukhlal@20minutemail.it,+918779223430
navika,navika@20minutemail.it,+919393147764
selvakumaran,selvakumaran@20minutemail.it,+913380230411
thatte,thatte@20minutemail.it,+916963101229
ekaling,ekaling@20minutemail.it,+912860938104
kadambari,kadambari@20minutemail.it,+916361923893
kaustubhi,kaustubhi@20minutemail.it,+911217305245
padmanabh,padmanabh@20minutemail.it,+916380745036
agashe,agashe@20minutemail.it,+919239133156
anandmayee,anandmayee@20minutemail.it,+918681354526
suneja,suneja@20minutemail.it,+915621170761
yamuna,yamuna@20minutemail.it,+919790706747
muni,muni@20minutemail.it,+914114526987
nirupa,nirupa@20minutemail.it,+913537272794
giribala,giribala@20minutemail.it,+911599976791
triya,triya@20minutemail.it,+919534739839
anjal,anjal@20minutemail.it,+911139580215
asheem,asheem@20minutemail.it,+915419919851
vidhayathil,vidhayathil@20minutemail.it,+915826331529
madur,madur@20minutemail.it,+911265817843
subashree,subashree@20minutemail.it,+915292798691
ukidave,ukidave@20minutemail.it,+914637384396
ellagaru,ellagaru@20minutemail.it,+913222491361
roshanlal,roshanlal@20minutemail.it,+915002024822
watson,watson@20minutemail.it,+911710133942
aghosh,aghosh@20minutemail.it,+916555407100
jalendra,jalendra@20minutemail.it,+918744876918
dhaka,dhaka@20minutemail.it,+914287842954
prineet,prineet@20minutemail.it,+916031648021
devadas,devadas@20minutemail.it,+918108507735
dhritabrata,dhritabrata@20minutemail.it,+913051093817
obali,obali@20minutemail.it,+916246046267
nehru,nehru@20minutemail.it,+913182642603
sourav,sourav@20minutemail.it,+919588203839
vaishwanar,vaishwanar@20minutemail.it,+915546914818
lavenia,lavenia@20minutemail.it,+913942146848
lokakriti,lokakriti@20minutemail.it,+912857158084
neelesh,neelesh@20minutemail.it,+911474185002
sunayna,sunayna@20minutemail.it,+918260086479
priyanvada,priyanvada@20minutemail.it,+919247458780
vatsin,vatsin@20minutemail.it,+918732291157
kapotakshi,kapotakshi@20minutemail.it,+914607411883
badami,badami@20minutemail.it,+912376741851
kanchi,kanchi@20minutemail.it,+915346951085
pachai,pachai@20minutemail.it,+914178770316
marulkar,marulkar@20minutemail.it,+912768244711
paramananda,paramananda@20minutemail.it,+917302526900
satyavir,satyavir@20minutemail.it,+916785202004
popat,popat@20minutemail.it,+917779790478
purala,purala@20minutemail.it,+916466166315
mahalakshmi,mahalakshmi@20minutemail.it,+911161868340
dhamsania,dhamsania@20minutemail.it,+913316197933
prabhudutta,prabhudutta@20minutemail.it,+915037806180
bonthala,bonthala@20minutemail.it,+919537618192
yogi,yogi@20minutemail.it,+914719525182
morzaria,morzaria@20minutemail.it,+919090286175
gaitonde,gaitonde@20minutemail.it,+915712886002
rawat,rawat@20minutemail.it,+912176744651
shivakumara,shivakumara@20minutemail.it,+912993341398
jagruti,jagruti@20minutemail.it,+916761190545
uddhav,uddhav@20minutemail.it,+914157883992
surup,surup@20minutemail.it,+915589537171
pinkesh,pinkesh@20minutemail.it,+912108545722
ilavarasan,ilavarasan@20minutemail.it,+915919130537
parul,parul@20minutemail.it,+916586284491
hiranmayi,hiranmayi@20minutemail.it,+911118179442
hinduja,hinduja@20minutemail.it,+916897268803
lokhande,lokhande@20minutemail.it,+914555253241
anilabh,anilabh@20minutemail.it,+912708531834
heema,heema@20minutemail.it,+914290418197
pragyaparamita,pragyaparamita@20minutemail.it,+919426685521
rwiju,rwiju@20minutemail.it,+916106963455
rajoria,rajoria@20minutemail.it,+916227091807
pradeep,pradeep@20minutemail.it,+913928589538
sivaraj,sivaraj@20minutemail.it,+911294259289
sharadindu,sharadindu@20minutemail.it,+917679841822
dhanvantari,dhanvantari@20minutemail.it,+915316529237
parvani,parvani@20minutemail.it,+918592206018
tapadia,tapadia@20minutemail.it,+911803107600
alagarsamy,alagarsamy@20minutemail.it,+918318714542
sajal,sajal@20minutemail.it,+916142862458
priyadutta,priyadutta@20minutemail.it,+916856945243
maitri,maitri@20minutemail.it,+915491258672
drupad,drupad@20minutemail.it,+915422281158
jangam,jangam@20minutemail.it,+912604902960
vinit,vinit@20minutemail.it,+914384493838
phull,phull@20minutemail.it,+911590187197
jagnede,jagnede@20minutemail.it,+918789209761
katyayan,katyayan@20minutemail.it,+919126306183
sukhjit,sukhjit@20minutemail.it,+912907365122
thadani,thadani@20minutemail.it,+913840985214
nabhith,nabhith@20minutemail.it,+912635648081
sonawane,sonawane@20minutemail.it,+913893104079
manjul,manjul@20minutemail.it,+913755587157
jawad,jawad@20minutemail.it,+912151709767
bhardwaj,bhardwaj@20minutemail.it,+919595139349
basma,basma@20minutemail.it,+912084895828
pujaspada,pujaspada@20minutemail.it,+916287451893
diptanshu,diptanshu@20minutemail.it,+912511429758
sundararaman,sundararaman@20minutemail.it,+913422423528
darshit,darshit@20minutemail.it,+916158275461
hosamani,hosamani@20minutemail.it,+913166484377
lilaramani,lilaramani@20minutemail.it,+913790299512
yayati,yayati@20minutemail.it,+917200296075
syam,syam@20minutemail.it,+913584287296
pann-gesh,pann-gesh@20minutemail.it,+915325234161
dhaval,dhaval@20minutemail.it,+914948933182
manzil,manzil@20minutemail.it,+915522668496
sasane,sasane@20minutemail.it,+918695494061
dharitree,dharitree@20minutemail.it,+915185182132
bimalkanti,bimalkanti@20minutemail.it,+915972577209
niraimadhi,niraimadhi@20minutemail.it,+913683664189
bhupal,bhupal@20minutemail.it,+911651826475
arshiya,arshiya@20minutemail.it,+916716962374
sridharan,sridharan@20minutemail.it,+915847038049
utkarsh,utkarsh@20minutemail.it,+913045755943
donter,donter@20minutemail.it,+918800731754
kranthi,kranthi@20minutemail.it,+914158501347
vasanta,vasanta@20minutemail.it,+916361297829
bordiya,bordiya@20minutemail.it,+914515269456
guha,guha@20minutemail.it,+914298506744
shamsher,shamsher@20minutemail.it,+913375816684
vasupati,vasupati@20minutemail.it,+915687844556
prashanta,prashanta@20minutemail.it,+915073387968
mahtab,mahtab@20minutemail.it,+915563569552
jagadamba,jagadamba@20minutemail.it,+917636343596
biswadev,biswadev@20minutemail.it,+913200214205
amanveer,amanveer@20minutemail.it,+913345100741
maulik,maulik@20minutemail.it,+916287724793
banshal,banshal@20minutemail.it,+915345323689
abhimani,abhimani@20minutemail.it,+917877140295
yoganidra,yoganidra@20minutemail.it,+915949102511
sazawal,sazawal@20minutemail.it,+915436927819
lavanya,lavanya@20minutemail.it,+914406256514
kandadai,kandadai@20minutemail.it,+917282179721
sabyasachi,sabyasachi@20minutemail.it,+919408133883
pingat,pingat@20minutemail.it,+915178652464
gadiyar,gadiyar@20minutemail.it,+911132308369
prangya,prangya@20minutemail.it,+911209969234
javed,javed@20minutemail.it,+911334386715
seshadri,seshadri@20minutemail.it,+917835130761
senapaty,senapaty@20minutemail.it,+914652980761
antia,antia@20minutemail.it,+916116064881
suvarna,suvarna@20minutemail.it,+917317035529
shankha,shankha@20minutemail.it,+915036113366
salaskar,salaskar@20minutemail.it,+911205651688
anupama,anupama@20minutemail.it,+919473565557
shamshad,shamshad@20minutemail.it,+917788635463
sarayu,sarayu@20minutemail.it,+911489590868
mithilesh,mithilesh@20minutemail.it,+911735828012
dwayne,dwayne@20minutemail.it,+912288427306
moghepadhye,moghepadhye@20minutemail.it,+914230253844
mohanish,mohanish@20minutemail.it,+919857595185
tamanna,tamanna@20minutemail.it,+912140757729
maliwal,maliwal@20minutemail.it,+915566382993
aarif,aarif@20minutemail.it,+911417878328
vibhavari,vibhavari@20minutemail.it,+916628007208
prasadh,prasadh@20minutemail.it,+919225985926
amir,amir@20minutemail.it,+916202954997
thirumani,thirumani@20minutemail.it,+919419155499
bodhankar,bodhankar@20minutemail.it,+914154421179
shulandhar,shulandhar@20minutemail.it,+913633440415
abdul-salaam,abdul-salaam@20minutemail.it,+918773938433
dhingra,dhingra@20minutemail.it,+914545601438
zalte,zalte@20minutemail.it,+919077046067
lankesh,lankesh@20minutemail.it,+919157759153
noopur,noopur@20minutemail.it,+915795422495
vadilal,vadilal@20minutemail.it,+913244823307
karmhe,karmhe@20minutemail.it,+917857341279
laghuvi,laghuvi@20minutemail.it,+919906708512
kirti,kirti@20minutemail.it,+915405895746
jaysukh,jaysukh@20minutemail.it,+918307234299
japendra,japendra@20minutemail.it,+919535387438
shital,shital@20minutemail.it,+917722778397
ashani,ashani@20minutemail.it,+917854236393
ghungurde,ghungurde@20minutemail.it,+918513699741
kulvir,kulvir@20minutemail.it,+917510273542
bhoopendra,bhoopendra@20minutemail.it,+916010450573
arvindkumar,arvindkumar@20minutemail.it,+916053925263
chhaya,chhaya@20minutemail.it,+914656740877
saravanakumar,saravanakumar@20minutemail.it,+916848407654
roopak,roopak@20minutemail.it,+916970538805
thirugnanam,thirugnanam@20minutemail.it,+913979356994
sarbjot,sarbjot@20minutemail.it,+918581747054
kalyanasundaram,kalyanasundaram@20minutemail.it,+919740600399
abhivira,abhivira@20minutemail.it,+912858166473
vishvakarma,vishvakarma@20minutemail.it,+911520664996
menkudale,menkudale@20minutemail.it,+912926162087
pradosh,pradosh@20minutemail.it,+912059367235
keshi,keshi@20minutemail.it,+917502279053
satpurusha,satpurusha@20minutemail.it,+916702700258
hans,hans@20minutemail.it,+912729879610
vadlamani,vadlamani@20minutemail.it,+913221642574
khushali,khushali@20minutemail.it,+918618555573
shyamkumar,shyamkumar@20minutemail.it,+912999182165
alva,alva@20minutemail.it,+917907237119
devank,devank@20minutemail.it,+913850836678
mahata,mahata@20minutemail.it,+919234596983
irshad,irshad@20minutemail.it,+919799606591
subhamay,subhamay@20minutemail.it,+913922635078
anuja,anuja@20minutemail.it,+916945421777
shrutaly,shrutaly@20minutemail.it,+913177922357
sarosh,sarosh@20minutemail.it,+913709401848
chudiwala,chudiwala@20minutemail.it,+915007648762
trivikram,trivikram@20minutemail.it,+917305100110
shaonli,shaonli@20minutemail.it,+913075322869
aishi,aishi@20minutemail.it,+914907156199
pradnaya,pradnaya@20minutemail.it,+919618490377
vakhariya,vakhariya@20minutemail.it,+911484690980
hemanya,hemanya@20minutemail.it,+913882639223
bastin,bastin@20minutemail.it,+914187029063
padhya,padhya@20minutemail.it,+916585773998
chaubey,chaubey@20minutemail.it,+913382441487
sharadendu,sharadendu@20minutemail.it,+911246658992
linu,linu@20minutemail.it,+918028999945
vajraksha,vajraksha@20minutemail.it,+913720920380
kanan,kanan@20minutemail.it,+913651827172
lumbika,lumbika@20minutemail.it,+916754495960
harshadbhai,harshadbhai@20minutemail.it,+915317837674
radhiyaa,radhiyaa@20minutemail.it,+912707962857
sonawane,sonawane@20minutemail.it,+913033986084
suvali,suvali@20minutemail.it,+916858359711
bhadoria,bhadoria@20minutemail.it,+917299273810
upama,upama@20minutemail.it,+912552793284
agriya,agriya@20minutemail.it,+917868175712
makarand,makarand@20minutemail.it,+919501462528
changoiwal,changoiwal@20minutemail.it,+917271654434
sagardutt,sagardutt@20minutemail.it,+915689632035
mohamed,mohamed@20minutemail.it,+914637966523
sucharita,sucharita@20minutemail.it,+915697910019
nirali,nirali@20minutemail.it,+916496956236
ranjiv,ranjiv@20minutemail.it,+914242451079
agnishikha,agnishikha@20minutemail.it,+915087100471
pushpendra,pushpendra@20minutemail.it,+918099180489
maushmi,maushmi@20minutemail.it,+914246846562
krishnakumar,krishnakumar@20minutemail.it,+913120374286
tawari,tawari@20minutemail.it,+914558993246
taneja,taneja@20minutemail.it,+919964503048
sumantu,sumantu@20minutemail.it,+916533536490
gul,gul@20minutemail.it,+913738708516
hrishikesh,hrishikesh@20minutemail.it,+911439843810
mohpal,mohpal@20minutemail.it,+919756207347
kalachar,kalachar@20minutemail.it,+914261719577
vamsi,vamsi@20minutemail.it,+915821077163
bodhankar,bodhankar@20minutemail.it,+912621035702
vadilal,vadilal@20minutemail.it,+913196710269
amaranath,amaranath@20minutemail.it,+916491963163
peri,peri@20minutemail.it,+912543666046
nitha,nitha@20minutemail.it,+918851154885
viswanathan,viswanathan@20minutemail.it,+919988199729
aaradhak,aaradhak@20minutemail.it,+913827386614
chatley,chatley@20minutemail.it,+917059419164
harolikar,harolikar@20minutemail.it,+915469925563
rupali,rupali@20minutemail.it,+911627180262
vyomdev,vyomdev@20minutemail.it,+917563215735
padminish,padminish@20minutemail.it,+914248127671
poonja,poonja@20minutemail.it,+915313699405
velugula,velugula@20minutemail.it,+913105712122
balasubramani,balasubramani@20minutemail.it,+911247229582
susher,susher@20minutemail.it,+915191200651
navaneetha,navaneetha@20minutemail.it,+912774620822
radhiyaa,radhiyaa@20minutemail.it,+916320499161
labangalata,labangalata@20minutemail.it,+918515213413
pachauri,pachauri@20minutemail.it,+919376328597
sadhri,sadhri@20minutemail.it,+918184577456
niharika,niharika@20minutemail.it,+918105663225
narun,narun@20minutemail.it,+914358797684
phasu,phasu@20minutemail.it,+911139336741
nanda,nanda@20minutemail.it,+919158772223
kool,kool@20minutemail.it,+915041638331
krishnamurari,krishnamurari@20minutemail.it,+917998670062
neeraj,neeraj@20minutemail.it,+913005471469
jagadamba,jagadamba@20minutemail.it,+915535175506
chougula,chougula@20minutemail.it,+918899722566
chitragupt,chitragupt@20minutemail.it,+916070131989
utpalini,utpalini@20minutemail.it,+913654614763
omarjeet,omarjeet@20minutemail.it,+914638746401
chandni,chandni@20minutemail.it,+917409944596
baladhi,baladhi@20minutemail.it,+916386990330
tripathi,tripathi@20minutemail.it,+919870795407
tarkeshwari,tarkeshwari@20minutemail.it,+916057888812
virgil,virgil@20minutemail.it,+911521589331
anant,anant@20minutemail.it,+915135795404
venkataramana,venkataramana@20minutemail.it,+911521172384
maniram,maniram@20minutemail.it,+914564988059
sunita,sunita@20minutemail.it,+919192553658
vishali,vishali@20minutemail.it,+912655673717
swarnalatha,swarnalatha@20minutemail.it,+919733951826
pavalan,pavalan@20minutemail.it,+912643797200
ravneet,ravneet@20minutemail.it,+919175702611
nimit,nimit@20minutemail.it,+912360071348
verdes,verdes@20minutemail.it,+919901340718
toshan,toshan@20minutemail.it,+916396614268
suram,suram@20minutemail.it,+919362973112
abhinanda,abhinanda@20minutemail.it,+917035528475
hirapara,hirapara@20minutemail.it,+917894824653
ganeshshivramwaghmare,ganeshshivramwaghmare@20minutemail.it,+913103822962
raghavapudi,raghavapudi@20minutemail.it,+917214244756
kesavan,kesavan@20minutemail.it,+918286756508
masum,masum@20minutemail.it,+911660685035
prianka,prianka@20minutemail.it,+914571440385
pujita,pujita@20minutemail.it,+913276458977
vahora,vahora@20minutemail.it,+915626841559
balvir,balvir@20minutemail.it,+915510974054
madura,madura@20minutemail.it,+917744627519
sengupta,sengupta@20minutemail.it,+915890849653
madan,madan@20minutemail.it,+915447395412
bathwal,bathwal@20minutemail.it,+911874732755
baka,baka@20minutemail.it,+914464431277
sahna,sahna@20minutemail.it,+914143460822
chitrabahu,chitrabahu@20minutemail.it,+916245227932
khanolkar,khanolkar@20minutemail.it,+911862339798
pinakin,pinakin@20minutemail.it,+915024698043
ayyangar,ayyangar@20minutemail.it,+916474559984
savitendra,savitendra@20minutemail.it,+916830306792
arivumadhi,arivumadhi@20minutemail.it,+913441302739
wasan,wasan@20minutemail.it,+915143496614
behari,behari@20minutemail.it,+917023692391
nadar,nadar@20minutemail.it,+913868204925
parikh,parikh@20minutemail.it,+916992089410
subhi,subhi@20minutemail.it,+915608330219
ayush,ayush@20minutemail.it,+917917339239
aditi,aditi@20minutemail.it,+915051220011
kailashnath,kailashnath@20minutemail.it,+918540417086
ajala,ajala@20minutemail.it,+917772183439
ashmita,ashmita@20minutemail.it,+915727601030
vasupati,vasupati@20minutemail.it,+919069576070
atithi,atithi@20minutemail.it,+918346644750
gawandi,gawandi@20minutemail.it,+916027063633
satesh,satesh@20minutemail.it,+911728675933
oditi,oditi@20minutemail.it,+919186217838
damayanti,damayanti@20minutemail.it,+912758717045
kadam,kadam@20minutemail.it,+912493515549
chokkadi,chokkadi@20minutemail.it,+918866254641
aparijita,aparijita@20minutemail.it,+919904594307
balubhai,balubhai@20minutemail.it,+911208701243
pulkita,pulkita@20minutemail.it,+918561850156
chatur,chatur@20minutemail.it,+916689920858
santati,santati@20minutemail.it,+919708317559
hemanand,hemanand@20minutemail.it,+913951936829
jiloka,jiloka@20minutemail.it,+918903108968
thenmoli,thenmoli@20minutemail.it,+914062167634
vikranot,vikranot@20minutemail.it,+911171633745
tanirika,tanirika@20minutemail.it,+912135232590
tannistha,tannistha@20minutemail.it,+919678830004
deysarker,deysarker@20minutemail.it,+913011297145
jivan,jivan@20minutemail.it,+918775409238
shaistakhan,shaistakhan@20minutemail.it,+915292909876
veerabahu,veerabahu@20minutemail.it,+917671129058
kwatra,kwatra@20minutemail.it,+918222999931
aparna,aparna@20minutemail.it,+918435022009
sumanolata,sumanolata@20minutemail.it,+916440083688
sai,sai@20minutemail.it,+918626110231
anandamaye,anandamaye@20minutemail.it,+913444141225
yashodhara,yashodhara@20minutemail.it,+911517030143
hastin,hastin@20minutemail.it,+919447993786
tamonash,tamonash@20minutemail.it,+913376396281
thawani,thawani@20minutemail.it,+913466288533
chandraprakashsen,chandraprakashsen@20minutemail.it,+912019680824
lath,lath@20minutemail.it,+911662045658
jayasri,jayasri@20minutemail.it,+914980027986
bacchuwar,bacchuwar@20minutemail.it,+911211775956
kulsari,kulsari@20minutemail.it,+917201440213
sathyam,sathyam@20minutemail.it,+916164311133
gadkari,gadkari@20minutemail.it,+918845295183
joharapurkar,joharapurkar@20minutemail.it,+914698140865
rangamannar,rangamannar@20minutemail.it,+912560110626
aqsa,aqsa@20minutemail.it,+919273456187
devashree,devashree@20minutemail.it,+916179695113
hiren,hiren@20minutemail.it,+919009251825
mithran,mithran@20minutemail.it,+916122619073
aarthy,aarthy@20minutemail.it,+912463705087
obalesh,obalesh@20minutemail.it,+919796635963
tuheena,tuheena@20minutemail.it,+919384374899
tandel,tandel@20minutemail.it,+916045219421
pragun,pragun@20minutemail.it,+912105440351
marudeva,marudeva@20minutemail.it,+911894299844
maiti,maiti@20minutemail.it,+914266036313
chandi,chandi@20minutemail.it,+915237837367
hira,hira@20minutemail.it,+914572523678
gitashri,gitashri@20minutemail.it,+911452603863
visweswara,visweswara@20minutemail.it,+918399105631
abdul-qahaar,abdul-qahaar@20minutemail.it,+913016132682
arnob,arnob@20minutemail.it,+917521225752
saikrishna,saikrishna@20minutemail.it,+912688728558
zena,zena@20minutemail.it,+913763735992
neogi,neogi@20minutemail.it,+915795379565
lokesh,lokesh@20minutemail.it,+917392210042
adeela,adeela@20minutemail.it,+916815022310
suvagia,suvagia@20minutemail.it,+913201154712
satrajit,satrajit@20minutemail.it,+915754385984
sree,sree@20minutemail.it,+911524563144
ganapati,ganapati@20minutemail.it,+912944720374
sandeepan,sandeepan@20minutemail.it,+915528108659
lohini,lohini@20minutemail.it,+914054173211
sarla,sarla@20minutemail.it,+915003467224
kavin,kavin@20minutemail.it,+913982120521
kalpini,kalpini@20minutemail.it,+912202776512
jitesh,jitesh@20minutemail.it,+911447573882
chachra,chachra@20minutemail.it,+911721920127
vasudhara,vasudhara@20minutemail.it,+919045142069
punya,punya@20minutemail.it,+917308072125
sayandeb,sayandeb@20minutemail.it,+912313494821
chandar,chandar@20minutemail.it,+912859360358
divakarla,divakarla@20minutemail.it,+916858767669
shradhdha,shradhdha@20minutemail.it,+919307335463
dadhija,dadhija@20minutemail.it,+915120453068
sayid,sayid@20minutemail.it,+917462673016
boman,boman@20minutemail.it,+912912446913
loonker,loonker@20minutemail.it,+917207675201
dhinakar,dhinakar@20minutemail.it,+917347492186
ruchita,ruchita@20minutemail.it,+914276993265
khuzaymah,khuzaymah@20minutemail.it,+911449706252
nikhila,nikhila@20minutemail.it,+911283656316
vishtasp,vishtasp@20minutemail.it,+917318434479
rammohan,rammohan@20minutemail.it,+919268014966
konar,konar@20minutemail.it,+916564161471
vivekanand,vivekanand@20minutemail.it,+917834901139
jalaj,jalaj@20minutemail.it,+917730798715
hiten,hiten@20minutemail.it,+913997080287
dalbir,dalbir@20minutemail.it,+911991172379
sherin,sherin@20minutemail.it,+915160578053
abdul,abdul@20minutemail.it,+913848089149
radhalakshmi,radhalakshmi@20minutemail.it,+915948532689
vaman,vaman@20minutemail.it,+919653115441
deepa,deepa@20minutemail.it,+912772523835
himagouri,himagouri@20minutemail.it,+913521955658
mandra,mandra@20minutemail.it,+912575606484
bhavamanyu,bhavamanyu@20minutemail.it,+916570788711
sugreev,sugreev@20minutemail.it,+913540415941
suyash,suyash@20minutemail.it,+914968203065
ganjan,ganjan@20minutemail.it,+918261957233
sikandar,sikandar@20minutemail.it,+912338249597
vrushali,vrushali@20minutemail.it,+914007841401
dharmansu,dharmansu@20minutemail.it,+914621117476
jayalalita,jayalalita@20minutemail.it,+917202567742
nazimah,nazimah@20minutemail.it,+911351739348
sahadele,sahadele@20minutemail.it,+918669734714
padhi,padhi@20minutemail.it,+911618097292
warda,warda@20minutemail.it,+916378722452
riyadh,riyadh@20minutemail.it,+914550926806
subirpurohit,subirpurohit@20minutemail.it,+911738858407
anavi,anavi@20minutemail.it,+913360419839
indrajeet,indrajeet@20minutemail.it,+917804250565
kathith,kathith@20minutemail.it,+919407643237
tapan,tapan@20minutemail.it,+918545158831
haniya,haniya@20minutemail.it,+916175249099
abhithi,abhithi@20minutemail.it,+916989069016
khanika,khanika@20minutemail.it,+915572433059
himanshi,himanshi@20minutemail.it,+912810382333
abhinatha,abhinatha@20minutemail.it,+913006331301
iditri,iditri@20minutemail.it,+916025276767
vrajanadan,vrajanadan@20minutemail.it,+911305958404
vasita,vasita@20minutemail.it,+914662054241
zakiuddin,zakiuddin@20minutemail.it,+911508054286
salem,salem@20minutemail.it,+913695072265
sananda,sananda@20minutemail.it,+915639376600
chatkara,chatkara@20minutemail.it,+917179705686
vikasni,vikasni@20minutemail.it,+913715392497
subhajit,subhajit@20minutemail.it,+919653588618
yakootah,yakootah@20minutemail.it,+919460769083
vijayvargia,vijayvargia@20minutemail.it,+914716820174
malik,malik@20minutemail.it,+911949748947
rituparna,rituparna@20minutemail.it,+917179996552
siby,siby@20minutemail.it,+918064316619
deipti,deipti@20minutemail.it,+911660385709
trishar,trishar@20minutemail.it,+913958437495
shanthi,shanthi@20minutemail.it,+919567890766
debasish,debasish@20minutemail.it,+914952885397
baljinder,baljinder@20minutemail.it,+916268636363
vallabhajoyula,vallabhajoyula@20minutemail.it,+914191574606
suvagato,suvagato@20minutemail.it,+914059478168
khodpia,khodpia@20minutemail.it,+918000445257
dhruval,dhruval@20minutemail.it,+917122405536
pisat,pisat@20minutemail.it,+914103580013
sowjanya,sowjanya@20minutemail.it,+918072244198
bijlwan,bijlwan@20minutemail.it,+914696360369
jaswant,jaswant@20minutemail.it,+913036748795
