gurunath,gurunath10671@20minutemail.it,+915825638303
elilvendan,elilvendan10602@20minutemail.it,+917830913617
sathyanarayanan,sathyanarayanan10774@20minutemail.it,+915561830224
shreejith,shreejith10242@20minutemail.it,+912135186719
kaditula,kaditula10847@20minutemail.it,+917045140721
udaya,udaya10359@20minutemail.it,+912043978325
najiya,najiya10697@20minutemail.it,+919263045041
akshara,akshara10915@20minutemail.it,+914233866920
parajika,parajika10470@20minutemail.it,+912373993935
dholakia,dholakia10375@20minutemail.it,+919488593939
mansharamani,mansharamani10219@20minutemail.it,+919454962283
pradosh,pradosh10723@20minutemail.it,+914711358194
atulkumar,atulkumar10799@20minutemail.it,+913897545928
sabri,sabri10159@20minutemail.it,+914168881614
dharamjyot,dharamjyot10449@20minutemail.it,+913742193175
bharavi,bharavi10585@20minutemail.it,+918890854274
ekalinga,ekalinga10321@20minutemail.it,+914588946548
bushra,bushra10318@20minutemail.it,+918247634939
puji,puji10424@20minutemail.it,+917943319479
dalal,dalal10375@20minutemail.it,+918457518970
subhashchandra,subhashchandra10323@20minutemail.it,+918762310131
kovida,kovida10831@20minutemail.it,+911549196356
harminder,harminder10200@20minutemail.it,+915307607671
aryasomayajula,aryasomayajula10794@20minutemail.it,+919980386051
bochiwal,bochiwal10803@20minutemail.it,+918907819952
abhiram,abhiram10282@20minutemail.it,+916446655081
rajpal,rajpal10481@20minutemail.it,+915108569964
chitragupt,chitragupt10113@20minutemail.it,+917531820672
vasudeo,vasudeo10984@20minutemail.it,+912295671828
forum,forum10816@20minutemail.it,+911295386950
sadagopan,sadagopan10776@20minutemail.it,+918252650882
parab,parab10480@20minutemail.it,+911421280516
venkateshwarlu,venkateshwarlu10407@20minutemail.it,+911791054405
beriwala,beriwala10438@20minutemail.it,+919440464966
devapi,devapi10618@20minutemail.it,+914882626614
rahil,rahil10765@20minutemail.it,+915807074856
dadhija,dadhija10277@20minutemail.it,+911519734367
rai,rai10303@20minutemail.it,+915929030703
kesavanarayanan,kesavanarayanan10296@20minutemail.it,+919328303122
diksha,diksha10447@20minutemail.it,+917722510821
jagadish,jagadish10675@20minutemail.it,+917702693295
aparajita,aparajita10555@20minutemail.it,+919306848866
joshi,joshi10662@20minutemail.it,+914430580548
zakiy,zakiy10403@20minutemail.it,+916682230934
samvath,samvath10688@20minutemail.it,+912236566951
hansanandini,hansanandini10349@20minutemail.it,+912054722088
vania,vania10700@20minutemail.it,+914795543366
arhant,arhant10467@20minutemail.it,+912601862696
jaysing,jaysing10628@20minutemail.it,+919764747130
raut,raut10187@20minutemail.it,+916939123672
choudhry,choudhry10614@20minutemail.it,+911454488409
rajawat,rajawat10389@20minutemail.it,+918164337286
rehyaaz,rehyaaz10827@20minutemail.it,+919763468288
vashishth,vashishth10878@20minutemail.it,+915169852009
rajnath,rajnath10387@20minutemail.it,+914714099792
subhashree,subhashree10570@20minutemail.it,+916862352813
sharmilee,sharmilee10818@20minutemail.it,+912887733925
mahasri,mahasri10689@20minutemail.it,+914974558118
dattey,dattey10679@20minutemail.it,+911997786759
killamsetty,killamsetty10647@20minutemail.it,+913543025865
jakhotia,jakhotia10917@20minutemail.it,+911693175594
manendra,manendra10396@20minutemail.it,+917514348641
yuvati,yuvati10211@20minutemail.it,+912837157251
zikomo,zikomo10935@20minutemail.it,+915691921453
joel,joel10968@20minutemail.it,+918803944125
mahani,mahani10866@20minutemail.it,+911817846006
pradip,pradip10661@20minutemail.it,+911941983309
dassani,dassani10652@20minutemail.it,+913209988733
srivastva,srivastva10360@20minutemail.it,+913202436453
karthikeyan,karthikeyan10380@20minutemail.it,+911999707847
kaamla,kaamla10719@20minutemail.it,+914092965461
rustagi,rustagi10848@20minutemail.it,+918856987755
nazeer,nazeer10382@20minutemail.it,+917285210075
chhangani,chhangani10856@20minutemail.it,+912991676080
savla,savla10462@20minutemail.it,+915637810767
naeem,naeem10743@20minutemail.it,+919765839998
izhar,izhar10453@20minutemail.it,+919808995033
caroline,caroline10305@20minutemail.it,+912460469970
radhak,radhak10596@20minutemail.it,+911974256722
shibhya,shibhya10175@20minutemail.it,+919600967774
bhrigu,bhrigu10319@20minutemail.it,+919752601676
sukeerthi,sukeerthi10754@20minutemail.it,+911631902927
kausik,kausik10196@20minutemail.it,+916368901529
karunamayee,karunamayee10262@20minutemail.it,+919503106702
sanurag,sanurag10648@20minutemail.it,+914395328894
jambukeswaran,jambukeswaran10833@20minutemail.it,+918560767802
nagure,nagure10882@20minutemail.it,+917889396803
sarandeep,sarandeep10475@20minutemail.it,+917424221585
botadra,botadra10897@20minutemail.it,+912781270540
wadhera,wadhera10655@20minutemail.it,+912287832926
brijwasi,brijwasi10191@20minutemail.it,+916244722305
dashputra,dashputra10810@20minutemail.it,+914009367853
smera,smera10988@20minutemail.it,+918354054094
aves,aves10256@20minutemail.it,+911665062563
jala,jala10471@20minutemail.it,+918242878722
dhanvantari,dhanvantari10218@20minutemail.it,+918229467618
lingwal,lingwal10434@20minutemail.it,+911417626696
shruthika,shruthika10302@20minutemail.it,+914354887896
saiyam,saiyam10761@20minutemail.it,+915944631478
surbhi,surbhi10602@20minutemail.it,+911910269477
pushpak,pushpak10783@20minutemail.it,+912053127621
amitesh,amitesh10394@20minutemail.it,+919742940683
rajanya,rajanya10629@20minutemail.it,+912225757304
mayadeo,mayadeo10807@20minutemail.it,+914675933470
bhootra,bhootra10194@20minutemail.it,+915931498945
sunthankar,sunthankar10439@20minutemail.it,+916001058275
jaidayal,jaidayal10256@20minutemail.it,+916551973239
manjula,manjula10356@20minutemail.it,+917202280733
prithish,prithish10585@20minutemail.it,+912497023281
bharucha,bharucha10581@20minutemail.it,+913448732376
jajala,jajala10292@20minutemail.it,+916591534189
zalte,zalte10813@20minutemail.it,+911647555460
shobhana,shobhana10707@20minutemail.it,+911941032127
prachetas,prachetas10774@20minutemail.it,+918303527650
jiten,jiten10477@20minutemail.it,+918465759327
parneet,parneet10495@20minutemail.it,+914007223666
talleen,talleen10699@20minutemail.it,+916325678313
anamika,anamika10673@20minutemail.it,+912953094054
darshil,darshil10457@20minutemail.it,+913527193872
misha,misha10634@20minutemail.it,+915246974812
ramanathan,ramanathan10795@20minutemail.it,+919901899260
bharavi,bharavi10201@20minutemail.it,+914829372778
vijayaragavan,vijayaragavan10504@20minutemail.it,+916301708134
tuhin,tuhin10208@20minutemail.it,+911565368618
mardav,mardav10918@20minutemail.it,+913005151725
mawiya,mawiya10591@20minutemail.it,+916500841876
ghuwalewala,ghuwalewala10605@20minutemail.it,+912349499173
kulshrestha,kulshrestha10440@20minutemail.it,+911681590003
mradul,mradul10231@20minutemail.it,+919074111617
hosamani,hosamani10469@20minutemail.it,+914966591577
rahna,rahna10708@20minutemail.it,+912197871772
damodaran,damodaran10268@20minutemail.it,+917593837645
dholakia,dholakia10301@20minutemail.it,+913780736330
banshidhar,banshidhar10132@20minutemail.it,+919464208487
niranjana,niranjana10569@20minutemail.it,+914071054605
walawalkar,walawalkar10898@20minutemail.it,+915771709983
shrina,shrina10571@20minutemail.it,+916217729169
inaya,inaya10227@20minutemail.it,+919478253113
ramasarey,ramasarey10780@20minutemail.it,+919178245012
dadkar,dadkar10859@20minutemail.it,+912398646299
mahin,mahin10555@20minutemail.it,+915924865082
chakravorty,chakravorty10440@20minutemail.it,+913146935205
sannigdh,sannigdh10894@20minutemail.it,+916419207924
girraj,girraj10176@20minutemail.it,+915281504915
akella,akella10194@20minutemail.it,+912866142289
pujapanda,pujapanda10340@20minutemail.it,+915799905969
veni,veni10260@20minutemail.it,+918435663865
katudia,katudia10901@20minutemail.it,+919876213527
sashreek,sashreek10706@20minutemail.it,+913829260668
janhitha,janhitha10572@20minutemail.it,+919541801956
praharaj,praharaj10977@20minutemail.it,+913320143203
sabah,sabah10927@20minutemail.it,+918072074815
kiyawat,kiyawat10255@20minutemail.it,+916449679468
riyadh,riyadh10352@20minutemail.it,+911953323346
diptikant,diptikant10312@20minutemail.it,+918460875575
babu,babu10368@20minutemail.it,+912903184862
hira,hira10924@20minutemail.it,+912659858694
hasita,hasita10253@20minutemail.it,+915222584196
jennifer,jennifer10175@20minutemail.it,+917833089237
laddha,laddha10924@20minutemail.it,+914356035891
mamidi,mamidi10626@20minutemail.it,+912228584118
devsena,devsena10481@20minutemail.it,+918833654570
sujay,sujay10576@20minutemail.it,+912675981559
aarna,aarna10405@20minutemail.it,+917556883411
gokani,gokani10208@20minutemail.it,+914616069518
nishithini,nishithini10456@20minutemail.it,+914025367719
ahan,ahan10864@20minutemail.it,+912613733148
tuheena,tuheena10733@20minutemail.it,+915969597926
bhiwandkar,bhiwandkar10206@20minutemail.it,+917190290201
badiger,badiger10342@20minutemail.it,+914769842786
subahu,subahu10160@20minutemail.it,+919398867158
indeever,indeever10424@20minutemail.it,+912994722752
shrikant,shrikant10886@20minutemail.it,+912615290704
uparkar,uparkar10777@20minutemail.it,+918525026828
sant,sant10733@20minutemail.it,+914549685082
safri,safri10789@20minutemail.it,+912541495714
ritapa,ritapa10963@20minutemail.it,+917679023715
bordekar,bordekar10179@20minutemail.it,+916465212516
subhan,subhan10238@20minutemail.it,+913198364024
praful,praful10788@20minutemail.it,+915037283406
dedhia,dedhia10135@20minutemail.it,+919830362561
praful,praful10647@20minutemail.it,+919463254268
jigna,jigna10916@20minutemail.it,+917793399045
benoy,benoy10905@20minutemail.it,+915991943047
shrikanta,shrikanta10330@20minutemail.it,+912008962955
shreepushp,shreepushp10202@20minutemail.it,+913846889193
suberjeet,suberjeet10654@20minutemail.it,+916535575187
maddi,maddi10721@20minutemail.it,+915475662000
madhumati,madhumati10420@20minutemail.it,+912630712704
pandab,pandab10130@20minutemail.it,+915727414786
krit,krit10117@20minutemail.it,+913290457835
setia,setia10561@20minutemail.it,+915735603251
kanakabati,kanakabati10886@20minutemail.it,+917279107095
amanda,amanda10477@20minutemail.it,+918356291229
ananthapadmanabha,ananthapadmanabha10610@20minutemail.it,+919291007927
debnath,debnath10915@20minutemail.it,+914306911304
farman,farman10680@20minutemail.it,+913216370983
samudragupta,samudragupta10697@20minutemail.it,+913754787257
pramukh,pramukh10204@20minutemail.it,+914803790219
gadage,gadage10571@20minutemail.it,+911241464402
harlalka,harlalka10148@20minutemail.it,+918363088605
jagrati,jagrati10422@20minutemail.it,+913620624187
bhor,bhor10815@20minutemail.it,+913517978267
zaveri,zaveri10601@20minutemail.it,+914586375617
kishmish,kishmish10566@20minutemail.it,+911732589221
bhuvanesh,bhuvanesh10232@20minutemail.it,+917800167640
vrisapati,vrisapati10988@20minutemail.it,+914384164389
ratnakar,ratnakar10695@20minutemail.it,+917923371191
radhana,radhana10534@20minutemail.it,+912033093256
romesh,romesh10720@20minutemail.it,+913286912927
sawarkar,sawarkar10871@20minutemail.it,+916059960615
vishtasp,vishtasp10526@20minutemail.it,+916419833621
lall,lall10864@20minutemail.it,+918224055459
mikesh,mikesh10645@20minutemail.it,+914591496142
vajani,vajani10293@20minutemail.it,+915499978968
sawdadkar,sawdadkar10313@20minutemail.it,+913111729612
narinder,narinder10800@20minutemail.it,+919162676012
bahugandha,bahugandha10880@20minutemail.it,+911296453692
gadhok,gadhok10638@20minutemail.it,+919629176391
jaorawala,jaorawala10217@20minutemail.it,+911439397877
hariharan,hariharan10504@20minutemail.it,+915755403014
ekansh,ekansh10196@20minutemail.it,+914327468905
suparna,suparna10579@20minutemail.it,+912179738511
raguraman,raguraman10620@20minutemail.it,+915784507049
sarva,sarva10210@20minutemail.it,+919061794905
elilvendan,elilvendan10875@20minutemail.it,+919143627412
sureka,sureka10940@20minutemail.it,+914788350115
sangoi,sangoi10578@20minutemail.it,+911140604157
suryaprakash,suryaprakash10271@20minutemail.it,+917315194643
kirthana,kirthana10666@20minutemail.it,+919970286737
srinika,srinika10568@20minutemail.it,+913781387236
advaya,advaya10385@20minutemail.it,+911152336067
kalimohan,kalimohan10868@20minutemail.it,+919317298524
hande,hande10276@20minutemail.it,+917622366131
triputa,triputa10720@20minutemail.it,+918296487061
nishigandh,nishigandh10689@20minutemail.it,+919941772396
sharav,sharav10136@20minutemail.it,+916847443941
anagha,anagha10763@20minutemail.it,+913287077980
lalamani,lalamani10280@20minutemail.it,+915095431339
losalka,losalka10642@20minutemail.it,+914462972353
dhakan,dhakan10854@20minutemail.it,+913310111688
yaashika,yaashika10485@20minutemail.it,+911626110953
jhalani,jhalani10591@20minutemail.it,+919506120575
trijal,trijal10734@20minutemail.it,+914670858766
virikvas,virikvas10772@20minutemail.it,+911688333708
diwakar,diwakar10229@20minutemail.it,+919126431847
suvel,suvel10320@20minutemail.it,+912456361358
badriprasad,badriprasad10809@20minutemail.it,+911131401279
deipti,deipti10323@20minutemail.it,+917400384219
garisht,garisht10464@20minutemail.it,+913969675566
parmesh,parmesh10561@20minutemail.it,+911603834060
madav,madav10362@20minutemail.it,+919555865746
sami,sami10925@20minutemail.it,+918091299427
sukarman,sukarman10604@20minutemail.it,+915716129963
kisan,kisan10663@20minutemail.it,+913594872476
amlah,amlah10189@20minutemail.it,+911160665291
awate,awate10552@20minutemail.it,+915273096803
madanmohan,madanmohan10744@20minutemail.it,+913497867409
nageshwaran,nageshwaran10810@20minutemail.it,+912296021845
awadheshgupta,awadheshgupta10175@20minutemail.it,+919004271275
roshani,roshani10903@20minutemail.it,+919987662422
surojit,surojit10240@20minutemail.it,+911142341631
nandkishor,nandkishor10591@20minutemail.it,+914138153894
kakali,kakali10178@20minutemail.it,+918014880724
vijayesh,vijayesh10148@20minutemail.it,+919433788150
chordia,chordia10421@20minutemail.it,+914170832941
parvinder,parvinder10408@20minutemail.it,+912179608455
amal,amal10239@20minutemail.it,+914955070990
vyomdev,vyomdev10675@20minutemail.it,+914084681683
ekaksha,ekaksha10637@20minutemail.it,+911836056071
abhisri,abhisri10714@20minutemail.it,+915575354343
nasser,nasser10555@20minutemail.it,+914268320130
taori,taori10945@20minutemail.it,+913675042457
jaiveer,jaiveer10802@20minutemail.it,+914760759893
gyanendra,gyanendra10679@20minutemail.it,+917783139129
altthea,altthea10234@20minutemail.it,+915750438988
pasari,pasari10372@20minutemail.it,+912893640400
kaapoor,kaapoor10606@20minutemail.it,+916248096224
sambha,sambha10328@20minutemail.it,+914877817626
chandrabha,chandrabha10308@20minutemail.it,+919579916467
muralimanohar,muralimanohar10658@20minutemail.it,+911818221551
chakravarthi,chakravarthi10517@20minutemail.it,+917155058321
amresh,amresh10971@20minutemail.it,+916114188617
vishvakarma,vishvakarma10559@20minutemail.it,+912104962926
bathala,bathala10178@20minutemail.it,+917477663400
parvatikar,parvatikar10739@20minutemail.it,+915121350811
ansh,ansh10601@20minutemail.it,+912288953180
bhawesh,bhawesh10134@20minutemail.it,+911776405994
jyotiranjan,jyotiranjan10513@20minutemail.it,+917458791336
ridit,ridit10279@20minutemail.it,+913910389483
abhisarika,abhisarika10187@20minutemail.it,+913721553460
neogi,neogi10938@20minutemail.it,+913287754186
triyama,triyama10366@20minutemail.it,+919268320857
sahitha,sahitha10879@20minutemail.it,+915955793060
agarchand,agarchand10823@20minutemail.it,+911492963243
sagina,sagina10546@20minutemail.it,+916626287921
dughalia,dughalia10876@20minutemail.it,+911465763629
konda,konda10793@20minutemail.it,+919521713118
harinath,harinath10655@20minutemail.it,+912933251665
ghatole,ghatole10526@20minutemail.it,+919305193562
aghosh,aghosh10771@20minutemail.it,+919063218010
parvatinandan,parvatinandan10566@20minutemail.it,+916438959214
pabbisetty,pabbisetty10503@20minutemail.it,+915937401845
shreyansh,shreyansh10485@20minutemail.it,+919173009977
fravash,fravash10421@20minutemail.it,+916280016131
kunda,kunda10245@20minutemail.it,+917276754235
vadia,vadia10536@20minutemail.it,+914363127922
nirguna,nirguna10187@20minutemail.it,+911727304800
marolia,marolia10907@20minutemail.it,+911665144358
jayasubramani,jayasubramani10885@20minutemail.it,+916166696942
lavti,lavti10333@20minutemail.it,+914493548600
vaidyanathan,vaidyanathan10851@20minutemail.it,+918508558250
mutha,mutha10683@20minutemail.it,+913920375456
kiransandecha,kiransandecha10621@20minutemail.it,+918296774193
rashmika,rashmika10454@20minutemail.it,+911806321010
laghuvi,laghuvi10155@20minutemail.it,+912843691970
niranjani,niranjani10372@20minutemail.it,+915081134369
lavani,lavani10438@20minutemail.it,+912981222141
prakash,prakash10209@20minutemail.it,+914868412547
chidatma,chidatma10626@20minutemail.it,+917786851931
mahendru,mahendru10608@20minutemail.it,+916736927398
biswadev,biswadev10819@20minutemail.it,+915233766104
manchanda,manchanda10348@20minutemail.it,+919148038642
vageria,vageria10830@20minutemail.it,+913484057197
saajid,saajid10509@20minutemail.it,+912800704493
vanshya,vanshya10739@20minutemail.it,+917948409013
devera,devera10511@20minutemail.it,+917228540869
sunamya,sunamya10648@20minutemail.it,+913821381800
anindita,anindita10542@20minutemail.it,+918434748940
jagavi,jagavi10461@20minutemail.it,+915387633124
baijanti,baijanti10148@20minutemail.it,+911609714380
alia,alia10600@20minutemail.it,+915392403627
vaishak,vaishak10252@20minutemail.it,+911123919892
pushpak,pushpak10334@20minutemail.it,+918318577204
naasih,naasih10115@20minutemail.it,+915348309473
kavana,kavana10719@20minutemail.it,+918991375371
snehin,snehin10803@20minutemail.it,+917555442564
topiwala,topiwala10928@20minutemail.it,+911516828349
foolan,foolan10976@20minutemail.it,+915579521696
narayan,narayan10297@20minutemail.it,+911980712633
kapse,kapse10837@20minutemail.it,+918814106856
suryawanshi,suryawanshi10864@20minutemail.it,+911629296792
bikash,bikash10637@20minutemail.it,+914391393191
maheshwar,maheshwar10232@20minutemail.it,+917031180179
gagrani,gagrani10804@20minutemail.it,+913425593338
kaja,kaja10563@20minutemail.it,+916376859340
uthamchand,uthamchand10772@20minutemail.it,+914108509512
tautik,tautik10985@20minutemail.it,+918690048230
nishesh,nishesh10529@20minutemail.it,+914217535086
dheeraj,dheeraj10390@20minutemail.it,+919663712098
subhaga,subhaga10153@20minutemail.it,+919540544452
jignasa,jignasa10834@20minutemail.it,+918284886954
sankar,sankar10331@20minutemail.it,+916075712414
sanjan,sanjan10568@20minutemail.it,+912059513910
battu,battu10903@20minutemail.it,+919479113960
haimavati,haimavati10181@20minutemail.it,+911567342375
banke,banke10779@20minutemail.it,+915556303287
bandhula,bandhula10660@20minutemail.it,+913101981877
islam,islam10300@20minutemail.it,+917745548541
patur,patur10978@20minutemail.it,+918798881745
sazia,sazia10224@20minutemail.it,+919483391353
woodi,woodi10815@20minutemail.it,+911830882901
shrejal,shrejal10324@20minutemail.it,+919698530780
gomti,gomti10122@20minutemail.it,+912137395059
prutha,prutha10348@20minutemail.it,+918082935772
dole,dole10785@20minutemail.it,+917877423781
tyagaraj,tyagaraj10901@20minutemail.it,+917856954227
rafat,rafat10824@20minutemail.it,+917011749615
bande,bande10297@20minutemail.it,+919212407968
dinpal,dinpal10746@20minutemail.it,+916664152278
kushwaha,kushwaha10994@20minutemail.it,+912257007402
ranawat,ranawat10710@20minutemail.it,+913781577886
bhandary,bhandary10408@20minutemail.it,+917748311836
rustom,rustom10624@20minutemail.it,+919271262086
ratnakar,ratnakar10469@20minutemail.it,+919608549120
shashima,shashima10896@20minutemail.it,+918097540927
sulekha,sulekha10671@20minutemail.it,+914124363700
samata,samata10374@20minutemail.it,+918085019249
smera,smera10469@20minutemail.it,+914500372043
dinanath,dinanath10324@20minutemail.it,+912070674057
saraswathi,saraswathi10297@20minutemail.it,+915581409957
shalmali,shalmali10738@20minutemail.it,+917852894148
yasmin,yasmin10946@20minutemail.it,+914829711752
amritambu,amritambu10898@20minutemail.it,+914099283572
shashima,shashima10950@20minutemail.it,+913859317772
deepabali,deepabali10384@20minutemail.it,+912096016952
hassan,hassan10290@20minutemail.it,+919412936114
hakesh,hakesh10590@20minutemail.it,+919339408134
jinender,jinender10149@20minutemail.it,+917543306799
mandira,mandira10378@20minutemail.it,+914859840927
afsana,afsana10858@20minutemail.it,+913967196483
kaustav,kaustav10815@20minutemail.it,+915599675022
sishir,sishir10481@20minutemail.it,+912972793577
panday,panday10119@20minutemail.it,+912694735007
abhishek,abhishek10255@20minutemail.it,+918237608436
navroz,navroz10668@20minutemail.it,+918117048307
anamitra,anamitra10906@20minutemail.it,+911682062882
rashad,rashad10185@20minutemail.it,+912680891022
somkar,somkar10959@20minutemail.it,+919588807073
lavina,lavina10301@20minutemail.it,+914117562969
appan,appan10680@20minutemail.it,+915865621875
jarul,jarul10365@20minutemail.it,+911845856937
tilwani,tilwani10863@20minutemail.it,+914848335873
prabhakaran,prabhakaran10623@20minutemail.it,+919682899937
maithili,maithili10214@20minutemail.it,+912611289460
tatia,tatia10286@20minutemail.it,+912579215597
gurudutt,gurudutt10806@20minutemail.it,+913281259404
niladri,niladri10283@20minutemail.it,+919560151997
mira,mira10206@20minutemail.it,+917372932712
aayushi,aayushi10739@20minutemail.it,+912605995747
bhanuni,bhanuni10292@20minutemail.it,+919064567803
shuchita,shuchita10378@20minutemail.it,+912078961678
surup,surup10625@20minutemail.it,+916467122006
gaddam,gaddam10154@20minutemail.it,+918763404306
gyan,gyan10278@20minutemail.it,+917033373253
vishram,vishram10480@20minutemail.it,+916413860752
barmecha,barmecha10230@20minutemail.it,+917614279364
ningoo,ningoo10129@20minutemail.it,+917553061919
zankhariya,zankhariya10911@20minutemail.it,+913703117351
yoginampati,yoginampati10924@20minutemail.it,+916227880502
saraiya,saraiya10121@20minutemail.it,+919229173978
jajoo,jajoo10450@20minutemail.it,+915613795421
sunaina,sunaina10399@20minutemail.it,+915924708965
sahdev,sahdev10254@20minutemail.it,+914219473276
selot,selot10360@20minutemail.it,+917246650012
aninda,aninda10423@20minutemail.it,+913176457067
vazratkar,vazratkar10357@20minutemail.it,+911494845465
saguna,saguna10745@20minutemail.it,+911857655361
manjistha,manjistha10562@20minutemail.it,+915986352445
keya,keya10540@20minutemail.it,+913015536344
krishang,krishang10719@20minutemail.it,+918800776964
manvendra,manvendra10682@20minutemail.it,+919714475686
advika,advika10825@20minutemail.it,+918696501734
chunmay,chunmay10570@20minutemail.it,+919611645220
mandavgane,mandavgane10959@20minutemail.it,+915456632376
michael,michael10526@20minutemail.it,+916238112690
badiger,badiger10259@20minutemail.it,+915307865607
brajendra,brajendra10647@20minutemail.it,+916426763201
bohara,bohara10988@20minutemail.it,+918534499293
ekana,ekana10835@20minutemail.it,+916121864736
khemprakash,khemprakash10602@20minutemail.it,+915645759381
vishwatma,vishwatma10580@20minutemail.it,+917370514053
badriya,badriya10612@20minutemail.it,+913062524429
kalavagunta,kalavagunta10904@20minutemail.it,+912889123801
khalid,khalid10894@20minutemail.it,+919439669140
murty,murty10371@20minutemail.it,+916869593821
indradeo,indradeo10722@20minutemail.it,+918269480420
harshad,harshad10209@20minutemail.it,+919417356106
bommakanti,bommakanti10472@20minutemail.it,+913759826219
ravikanth,ravikanth10848@20minutemail.it,+912020960009
patur,patur10210@20minutemail.it,+911352978271
rikhy,rikhy10846@20minutemail.it,+919880316610
burzin,burzin10414@20minutemail.it,+914056414398
jayati,jayati10326@20minutemail.it,+919370508120
sadananda,sadananda10903@20minutemail.it,+912894967833
maheshkumar,maheshkumar10530@20minutemail.it,+916976246244
gangi,gangi10172@20minutemail.it,+919900458989
love,love10805@20minutemail.it,+914210296120
ganapathyraman,ganapathyraman10962@20minutemail.it,+917923569057
mona,mona10486@20minutemail.it,+912655254907
shashi,shashi10898@20minutemail.it,+918721072873
fulesh,fulesh10909@20minutemail.it,+919978903600
janaki,janaki10578@20minutemail.it,+918771900702
nidesh,nidesh10115@20minutemail.it,+914201955434
adheer,adheer10893@20minutemail.it,+911804326116
tarana,tarana10960@20minutemail.it,+911621971490
kusuma,kusuma10630@20minutemail.it,+911938334203
lalima,lalima10301@20minutemail.it,+914100263477
jeeten,jeeten10665@20minutemail.it,+913603995478
nazia,nazia10956@20minutemail.it,+917493382404
priyank,priyank10919@20minutemail.it,+913910604814
ramoji,ramoji10931@20minutemail.it,+914719648925
bavishi,bavishi10632@20minutemail.it,+916116119699
pavanputra,pavanputra10727@20minutemail.it,+914923770931
amrutha,amrutha10347@20minutemail.it,+919204363574
shat-manyu,shat-manyu10644@20minutemail.it,+919371457975
vaja,vaja10501@20minutemail.it,+919950148868
jyotsna,jyotsna10458@20minutemail.it,+918601437201
sudir,sudir10208@20minutemail.it,+917472086978
suhash,suhash10883@20minutemail.it,+912202204176
rajendraprasath,rajendraprasath10275@20minutemail.it,+918115215341
ramanaiah,ramanaiah10265@20minutemail.it,+918895830181
dangayach,dangayach10307@20minutemail.it,+914126924524
baridbaran,baridbaran10862@20minutemail.it,+913878258094
navaneethakumar,navaneethakumar10333@20minutemail.it,+919079563995
mathias,mathias10165@20minutemail.it,+917037981121
bhagirath,bhagirath10157@20minutemail.it,+916399376235
kharloya,kharloya10743@20minutemail.it,+911242237828
jaimin,jaimin10888@20minutemail.it,+915258747793
nabhas,nabhas10286@20minutemail.it,+914181304187
indracanti,indracanti10959@20minutemail.it,+918495281266
sureshchandra,sureshchandra10144@20minutemail.it,+913302534260
amanath,amanath10811@20minutemail.it,+912275268956
mahakram,mahakram10661@20minutemail.it,+913926327370
kalpen,kalpen10942@20minutemail.it,+913774489705
narendranath,narendranath10643@20minutemail.it,+916842541911
susila,susila10865@20minutemail.it,+916450742096
subahu,subahu10496@20minutemail.it,+916014134643
sasthi,sasthi10776@20minutemail.it,+914349793511
aswani,aswani10434@20minutemail.it,+917631557138
bommakanti,bommakanti10512@20minutemail.it,+913155136840
nandan,nandan10402@20minutemail.it,+916331357959
sunjay,sunjay10687@20minutemail.it,+912285077841
prakat,prakat10620@20minutemail.it,+919298450373
nabhith,nabhith10534@20minutemail.it,+918056278804
madhavdas,madhavdas10113@20minutemail.it,+914566924868
akaldeep,akaldeep10162@20minutemail.it,+912015278504
farooque,farooque10604@20minutemail.it,+918247575243
lavanya,lavanya10974@20minutemail.it,+915791554558
prosenjit,prosenjit10246@20minutemail.it,+917205358824
tinekar,tinekar10129@20minutemail.it,+912922100419
vyawahare,vyawahare10209@20minutemail.it,+916436633205
ruchika,ruchika10822@20minutemail.it,+915175482427
yaduvir,yaduvir10770@20minutemail.it,+917252013405
sandhaya,sandhaya10986@20minutemail.it,+913277635456
ashvinder,ashvinder10834@20minutemail.it,+911223067552
rupasi,rupasi10997@20minutemail.it,+916988950341
soumendu,soumendu10717@20minutemail.it,+914538513550
gaggar,gaggar10786@20minutemail.it,+917924119182
sangeeta,sangeeta10821@20minutemail.it,+918341662654
avasyu,avasyu10987@20minutemail.it,+919015430275
jagathi,jagathi10370@20minutemail.it,+912713671918
kalyansundaram,kalyansundaram10616@20minutemail.it,+914476539040
satishchandra,satishchandra10897@20minutemail.it,+918660693009
kalicharan,kalicharan10313@20minutemail.it,+912038308719
sammath,sammath10230@20minutemail.it,+916430293504
parasuram,parasuram10501@20minutemail.it,+915990981295
vishalya,vishalya10888@20minutemail.it,+918431741032
narayanaswamy,narayanaswamy10601@20minutemail.it,+912410149077
gajpati,gajpati10208@20minutemail.it,+918816226844
dhamankar,dhamankar10386@20minutemail.it,+917900723889
gobardhan,gobardhan10857@20minutemail.it,+917928615583
balasubramanya,balasubramanya10638@20minutemail.it,+911798193194
ahilan,ahilan10817@20minutemail.it,+915320322673
urmika,urmika10571@20minutemail.it,+915275608187
krishna,krishna10229@20minutemail.it,+918601846095
kadamba,kadamba10449@20minutemail.it,+914761438124
viranath,viranath10897@20minutemail.it,+913136898950
koyande,koyande10115@20minutemail.it,+911386424832
kanoongo,kanoongo10410@20minutemail.it,+918480872976
saurik,saurik10278@20minutemail.it,+916105643763
anwarul,anwarul10538@20minutemail.it,+912515990836
aakash,aakash10937@20minutemail.it,+918117208727
nithik,nithik10997@20minutemail.it,+913369068130
ankosh,ankosh10225@20minutemail.it,+919755474729
fadheela,fadheela10623@20minutemail.it,+915823582229
maderu,maderu10376@20minutemail.it,+913587600299
jayad,jayad10475@20minutemail.it,+914925410227
avasthi,avasthi10929@20minutemail.it,+918761102884
vijayan,vijayan10484@20minutemail.it,+916988490717
bakula,bakula10326@20minutemail.it,+913200868498
tejomay,tejomay10625@20minutemail.it,+918682724048
kaumudi,kaumudi10393@20minutemail.it,+918318932089
mandalia,mandalia10842@20minutemail.it,+911473774626
charles,charles10492@20minutemail.it,+916502028192
mrudula,mrudula10164@20minutemail.it,+914415245844
tirupathi,tirupathi10827@20minutemail.it,+914675207176
mulraj,mulraj10514@20minutemail.it,+917230972373
maddineni,maddineni10903@20minutemail.it,+912565714555
nadish,nadish10303@20minutemail.it,+916694682543
davda,davda10126@20minutemail.it,+919420400333
alop,alop10545@20minutemail.it,+919375068888
vishali,vishali10677@20minutemail.it,+917171484126
aaditya,aaditya10530@20minutemail.it,+917012390131
mahin,mahin10270@20minutemail.it,+915184713167
phatak,phatak10979@20minutemail.it,+914601427764
ulka,ulka10771@20minutemail.it,+915481023249
sumavali,sumavali10942@20minutemail.it,+915043242580
saamiya,saamiya10588@20minutemail.it,+917978327515
anuttara,anuttara10448@20minutemail.it,+919620534048
ratanpal,ratanpal10732@20minutemail.it,+912656205456
joginder,joginder10727@20minutemail.it,+914293675233
singh,singh10610@20minutemail.it,+912926087055
saoji,saoji10932@20minutemail.it,+913389076833
rudraksh,rudraksh10490@20minutemail.it,+917106477332
vedavrata,vedavrata10962@20minutemail.it,+915906670922
pulish,pulish10495@20minutemail.it,+917070450001
rochi,rochi10410@20minutemail.it,+912058874678
vrajakishore,vrajakishore10324@20minutemail.it,+915674196430
ehimay,ehimay10927@20minutemail.it,+914391354000
tridib,tridib10290@20minutemail.it,+912384491480
huthayfa,huthayfa10365@20minutemail.it,+913839736039
maitreya,maitreya10739@20minutemail.it,+912099076753
koparkar,koparkar10464@20minutemail.it,+913883099675
manickam,manickam10594@20minutemail.it,+915197265521
faiz,faiz10584@20minutemail.it,+918218821321
indrani,indrani10916@20minutemail.it,+912678152894
krishnappa,krishnappa10667@20minutemail.it,+911265896789
gurmukh,gurmukh10530@20minutemail.it,+913621874130
rasesh,rasesh10743@20minutemail.it,+918012620729
trisha,trisha10280@20minutemail.it,+918796729872
raunak,raunak10489@20minutemail.it,+915820923866
islam,islam10130@20minutemail.it,+915384627880
kashif,kashif10298@20minutemail.it,+914649582557
savaji,savaji10233@20minutemail.it,+911129294692
kuwarjeet,kuwarjeet10915@20minutemail.it,+913012171255
pratim,pratim10430@20minutemail.it,+919383511213
vihanga,vihanga10380@20minutemail.it,+919763128895
ilesh,ilesh10730@20minutemail.it,+913378944285
clifford,clifford10771@20minutemail.it,+918293980071
nabhith,nabhith10263@20minutemail.it,+912739955106
satyashill,satyashill10959@20minutemail.it,+912466295434
shishirchandra,shishirchandra10813@20minutemail.it,+916496598488
kannav,kannav10386@20minutemail.it,+911630550858
suvarnmala,suvarnmala10835@20minutemail.it,+919577124378
anette,anette10159@20minutemail.it,+918709463668
smrita,smrita10722@20minutemail.it,+918481689697
maredia,maredia10192@20minutemail.it,+919472546795
bilala,bilala10305@20minutemail.it,+913200824285
chandsarkar,chandsarkar10115@20minutemail.it,+911465185790
methi,methi10917@20minutemail.it,+917555410263
vivian,vivian10882@20minutemail.it,+915221477777
sambasiva,sambasiva10800@20minutemail.it,+913525641418
hrishikesh,hrishikesh10843@20minutemail.it,+916764174183
arunbhai,arunbhai10561@20minutemail.it,+919864978012
vilokan,vilokan10574@20minutemail.it,+912214127077
paramjeet,paramjeet10465@20minutemail.it,+918703847857
vaikhan,vaikhan10842@20minutemail.it,+916214091180
poorvaj,poorvaj10640@20minutemail.it,+916488675925
jyotirdhar,jyotirdhar10480@20minutemail.it,+911347582332
rachh,rachh10254@20minutemail.it,+918823630110
shankh,shankh10690@20minutemail.it,+912779754979
vipasha,vipasha10888@20minutemail.it,+914514021981
ghanendra,ghanendra10573@20minutemail.it,+918943655581
mamnoon,mamnoon10261@20minutemail.it,+919948687138
vasatika,vasatika10932@20minutemail.it,+918316453597
appan,appan10748@20minutemail.it,+912491410876
chudiwal,chudiwal10804@20minutemail.it,+916939488455
bachu,bachu10405@20minutemail.it,+917805022444
vishwen,vishwen10288@20minutemail.it,+912567019009
ayushman,ayushman10888@20minutemail.it,+918619327705
gutka,gutka10168@20minutemail.it,+918577041484
sarin,sarin10656@20minutemail.it,+911393756405
laha,laha10274@20minutemail.it,+915592764166
kothary,kothary10271@20minutemail.it,+915479907510
chintak,chintak10955@20minutemail.it,+917462887468
nusrat,nusrat10836@20minutemail.it,+914727435386
jagetia,jagetia10493@20minutemail.it,+916415126631
marsha,marsha10622@20minutemail.it,+911968637578
anubhuti,anubhuti10979@20minutemail.it,+917670224829
pereira,pereira10600@20minutemail.it,+917403286711
denish,denish10632@20minutemail.it,+913177303176
tarulata,tarulata10123@20minutemail.it,+918142715137
sonali,sonali10772@20minutemail.it,+914411526773
uqbah,uqbah10596@20minutemail.it,+912452293368
hafiza,hafiza10293@20minutemail.it,+914822820651
eknath,eknath10900@20minutemail.it,+917173269841
ottakoothan,ottakoothan10827@20minutemail.it,+913439168618
jamal,jamal10166@20minutemail.it,+915546586731
bordia,bordia10192@20minutemail.it,+912488830511
chirangi,chirangi10971@20minutemail.it,+918532060742
meinrad,meinrad10741@20minutemail.it,+918093787201
shrestha,shrestha10242@20minutemail.it,+916607284242
kanth,kanth10848@20minutemail.it,+915288254526
dalbir,dalbir10567@20minutemail.it,+914014356250
ekavali,ekavali10700@20minutemail.it,+916744506103
athinarayanan,athinarayanan10326@20minutemail.it,+913546076582
vijayashree,vijayashree10699@20minutemail.it,+911513714121
rizwana,rizwana10435@20minutemail.it,+914960843028
amandeep,amandeep10851@20minutemail.it,+912427118881
kaasni,kaasni10184@20minutemail.it,+918464679059
mhapsekar,mhapsekar10395@20minutemail.it,+913929389858
niyath,niyath10141@20minutemail.it,+916362424527
heramba,heramba10270@20minutemail.it,+919827229403
renaud,renaud10371@20minutemail.it,+916154775988
koujalagi,koujalagi10326@20minutemail.it,+916669112326
vedanti,vedanti10980@20minutemail.it,+911663190798
suragan,suragan10633@20minutemail.it,+916996371482
pranet,pranet10576@20minutemail.it,+915440989936
surendra,surendra10512@20minutemail.it,+917141306942
anindya,anindya10492@20minutemail.it,+911117507838
ashvinkumar,ashvinkumar10121@20minutemail.it,+918137095526
imran,imran10564@20minutemail.it,+917034414571
suleman,suleman10750@20minutemail.it,+913274421975
samreen,samreen10388@20minutemail.it,+915388320110
koyel,koyel10866@20minutemail.it,+916712791610
aswathy,aswathy10118@20minutemail.it,+912538036045
prasham,prasham10411@20minutemail.it,+919355820587
mohanish,mohanish10327@20minutemail.it,+912123545682
jimmy,jimmy10660@20minutemail.it,+913182418338
bector,bector10601@20minutemail.it,+919733111461
ravind,ravind10146@20minutemail.it,+912032430995
namburi,namburi10670@20minutemail.it,+914317046968
ankolika,ankolika10999@20minutemail.it,+918467575864
yutika,yutika10594@20minutemail.it,+914435450555
sundari,sundari10120@20minutemail.it,+914463244368
kuldeep,kuldeep10302@20minutemail.it,+916283488451
himachal,himachal10686@20minutemail.it,+916390762529
noor,noor10251@20minutemail.it,+913400196401
chaman,chaman10807@20minutemail.it,+912159715292
devraj,devraj10896@20minutemail.it,+911292600950
falguni,falguni10835@20minutemail.it,+913403839147
inaya,inaya10279@20minutemail.it,+912473940662
bahedia,bahedia10570@20minutemail.it,+917943202961
rautaray,rautaray10816@20minutemail.it,+914445756585
sachika,sachika10382@20minutemail.it,+916156689719
abhinav,abhinav10854@20minutemail.it,+916063504473
shriya,shriya10959@20minutemail.it,+916146642556
thooyavan,thooyavan10389@20minutemail.it,+912590908207
morparia,morparia10570@20minutemail.it,+917284413266
pavle,pavle10181@20minutemail.it,+918456503391
kakariya,kakariya10540@20minutemail.it,+918670375016
shamooil,shamooil10304@20minutemail.it,+917210018374
svaha,svaha10482@20minutemail.it,+913858169341
kohinoor,kohinoor10292@20minutemail.it,+913981365912
atralarasu,atralarasu10323@20minutemail.it,+914864816514
bhairavi,bhairavi10292@20minutemail.it,+917102449148
mufeeda,mufeeda10697@20minutemail.it,+917111223187
devdas,devdas10669@20minutemail.it,+911497776001
sha'quarria,sha'quarria10579@20minutemail.it,+912654926647
malavika,malavika10583@20minutemail.it,+917584667295
wijdan,wijdan10641@20minutemail.it,+915259100494
manda,manda10802@20minutemail.it,+915794103361
musba,musba10214@20minutemail.it,+918811304448
mukhopadhyay,mukhopadhyay10495@20minutemail.it,+919685505254
padhi,padhi10351@20minutemail.it,+915877279831
adani,adani10490@20minutemail.it,+912599019326
padmanabh,padmanabh10395@20minutemail.it,+913688264400
bokadiaã‚,bokadiaã‚10543@20minutemail.it,+915489637531
molly,molly10315@20minutemail.it,+918231161562
montoo,montoo10198@20minutemail.it,+918388035023
gourishankar,gourishankar10387@20minutemail.it,+918346005486
khemka,khemka10251@20minutemail.it,+911341669992
deendayal,deendayal10409@20minutemail.it,+912232592366
navya,navya10302@20minutemail.it,+915462186667
vakil,vakil10618@20minutemail.it,+914470995324
omala,omala10139@20minutemail.it,+914695206408
vasa,vasa10546@20minutemail.it,+916168540466
kaberwal,kaberwal10306@20minutemail.it,+918285024828
veerappan,veerappan10376@20minutemail.it,+917723650620
brajendra,brajendra10770@20minutemail.it,+911186561681
aranha,aranha10375@20minutemail.it,+916233948685
jaswal,jaswal10917@20minutemail.it,+917055723232
haridas,haridas10233@20minutemail.it,+913331648236
treya,treya10555@20minutemail.it,+911416827325
veni,veni10418@20minutemail.it,+918769171510
nishan,nishan10521@20minutemail.it,+919327215040
kuralla,kuralla10892@20minutemail.it,+918098579164
avikam,avikam10667@20minutemail.it,+913168062077
subrata,subrata10609@20minutemail.it,+913268591762
gangadhara,gangadhara10213@20minutemail.it,+912599025049
timirbaran,timirbaran10452@20minutemail.it,+913821631468
sarana,sarana10141@20minutemail.it,+918136141988
jayasimha,jayasimha10353@20minutemail.it,+912958028209
jakhotia,jakhotia10868@20minutemail.it,+913668740809
aspi,aspi10727@20minutemail.it,+917134809075
malkani,malkani10830@20minutemail.it,+913985100642
rigved,rigved10473@20minutemail.it,+914751710696
sadasivuni,sadasivuni10716@20minutemail.it,+918285497578
gawde,gawde10961@20minutemail.it,+914540120549
jag,jag10244@20minutemail.it,+912457136578
yugandhar,yugandhar10751@20minutemail.it,+919882114624
arogyada,arogyada10574@20minutemail.it,+912293242003
gandani,gandani10934@20minutemail.it,+914965284718
sulek,sulek10491@20minutemail.it,+916182938106
anjali,anjali10849@20minutemail.it,+916763086543
sarad,sarad10119@20minutemail.it,+914036461564
charudatta,charudatta10466@20minutemail.it,+912061039011
dilber,dilber10155@20minutemail.it,+915998915924
lomash,lomash10291@20minutemail.it,+918822618782
prapti,prapti10170@20minutemail.it,+918870848047
lohitashwa,lohitashwa10956@20minutemail.it,+912767266956
rupa,rupa10490@20minutemail.it,+917975513083
pran,pran10720@20minutemail.it,+917423868455
priyala,priyala10397@20minutemail.it,+917613171734
asgari,asgari10722@20minutemail.it,+912365167360
suhitha,suhitha10782@20minutemail.it,+917568234463
nikam,nikam10585@20minutemail.it,+915197484711
niloufer,niloufer10161@20minutemail.it,+914604977344
snigdha,snigdha10199@20minutemail.it,+912480180792
sasuri,sasuri10470@20minutemail.it,+917927723552
tanish,tanish10598@20minutemail.it,+913316916080
ramith,ramith10367@20minutemail.it,+919551695056
dhanush,dhanush10640@20minutemail.it,+913190624184
ghananand,ghananand10333@20minutemail.it,+916764904827
acchindra,acchindra10473@20minutemail.it,+911406464354
angha,angha10704@20minutemail.it,+914649180887
vicky,vicky10929@20minutemail.it,+914021123001
bhagyalakshmi,bhagyalakshmi10743@20minutemail.it,+918955611130
sunaina,sunaina10663@20minutemail.it,+914167377209
reagan,reagan10969@20minutemail.it,+916712506786
aanand,aanand10778@20minutemail.it,+913173949231
sourish,sourish10677@20minutemail.it,+915869684680
veeresha,veeresha10711@20minutemail.it,+916074438862
ponkshe,ponkshe10605@20minutemail.it,+919168899291
matangkumar,matangkumar10982@20minutemail.it,+919029259557
kanetkar,kanetkar10601@20minutemail.it,+915128692409
chalke,chalke10398@20minutemail.it,+915971856495
mungantiwar,mungantiwar10546@20minutemail.it,+913083845182
utalika,utalika10832@20minutemail.it,+913381603862
sushanto,sushanto10749@20minutemail.it,+919377133940
devanshu,devanshu10434@20minutemail.it,+914948927115
balachandrav,balachandrav10523@20minutemail.it,+913251053661
janaan,janaan10831@20minutemail.it,+917867003990
baladhi,baladhi10388@20minutemail.it,+916696463187
nachni,nachni10773@20minutemail.it,+916698081313
champika,champika10809@20minutemail.it,+912945234295
pranab,pranab10679@20minutemail.it,+917369764592
zaiden,zaiden10187@20minutemail.it,+912541422303
vrishank,vrishank10558@20minutemail.it,+915049751263
bubna,bubna10606@20minutemail.it,+912548616317
shalesh,shalesh10922@20minutemail.it,+911786908751
dhruva,dhruva10633@20minutemail.it,+911908263783
sandhaya,sandhaya10293@20minutemail.it,+912214802682
thirumani,thirumani10288@20minutemail.it,+914805672243
suradhish,suradhish10308@20minutemail.it,+912494034419
sathyanarayanan,sathyanarayanan10466@20minutemail.it,+915593832470
sriivastava,sriivastava10626@20minutemail.it,+919277874093
quadri,quadri10137@20minutemail.it,+914055357357
vyjayanti,vyjayanti10379@20minutemail.it,+911757583384
udyati,udyati10137@20minutemail.it,+912643516501
pothana,pothana10749@20minutemail.it,+914646729190
shreema,shreema10844@20minutemail.it,+912732832516
maninder,maninder10327@20minutemail.it,+919150273449
ratnaprabha,ratnaprabha10994@20minutemail.it,+919215569053
rothe,rothe10335@20minutemail.it,+917496220081
gurjas,gurjas10440@20minutemail.it,+918731729112
rehaan,rehaan10935@20minutemail.it,+911570262662
taj,taj10257@20minutemail.it,+915693109689
bhalendra,bhalendra10985@20minutemail.it,+917796275087
wafeeq,wafeeq10820@20minutemail.it,+915853508341
nimita,nimita10919@20minutemail.it,+912246552529
sarjena,sarjena10387@20minutemail.it,+911835414695
omesh,omesh10686@20minutemail.it,+919110258136
chandaliya,chandaliya10370@20minutemail.it,+911759522095
monika,monika10260@20minutemail.it,+913398423406
mittra,mittra10722@20minutemail.it,+919821155220
koley,koley10147@20minutemail.it,+914949308980
jujhar,jujhar10534@20minutemail.it,+912400179511
chidambaram,chidambaram10645@20minutemail.it,+916400422407
sunayna,sunayna10383@20minutemail.it,+916777011226
yogadeva,yogadeva10290@20minutemail.it,+913828844123
ariona,ariona10366@20minutemail.it,+919522920555
vagrecha,vagrecha10867@20minutemail.it,+912427585843
beena,beena10169@20minutemail.it,+913509218229
ghonge,ghonge10747@20minutemail.it,+915796076200
haque,haque10750@20minutemail.it,+919351722071
gannath,gannath10477@20minutemail.it,+915881951510
nathalal,nathalal10459@20minutemail.it,+914060855697
kolsawala,kolsawala10196@20minutemail.it,+917340041517
gyan,gyan10146@20minutemail.it,+915356382717
akshay,akshay10482@20minutemail.it,+916172427287
punyani,punyani10739@20minutemail.it,+913868006647
prasham,prasham10169@20minutemail.it,+914688664718
shrivarah,shrivarah10606@20minutemail.it,+916161172032
nikhita,nikhita10185@20minutemail.it,+917896364820
amalesh,amalesh10218@20minutemail.it,+916935476208
umar,umar10660@20minutemail.it,+912551735136
utreja,utreja10840@20minutemail.it,+916497924606
panjabi,panjabi10239@20minutemail.it,+915495047694
parmila,parmila10985@20minutemail.it,+914123222050
aprameya,aprameya10416@20minutemail.it,+915812573277
vijaykumar,vijaykumar10761@20minutemail.it,+919394003880
toral,toral10764@20minutemail.it,+919301343349
bhogilal,bhogilal10640@20minutemail.it,+916562836841
varaha,varaha10902@20minutemail.it,+915782314341
barjatya,barjatya10377@20minutemail.it,+911135445841
sanjivani,sanjivani10157@20minutemail.it,+919393605692
sudeshna,sudeshna10338@20minutemail.it,+915647280078
navtej,navtej10737@20minutemail.it,+918953256824
barnwal,barnwal10186@20minutemail.it,+919684896590
sudhansu,sudhansu10602@20minutemail.it,+912994868816
madura,madura10972@20minutemail.it,+916161493942
kaasni,kaasni10421@20minutemail.it,+915027106468
maan,maan10167@20minutemail.it,+913089648153
mogal,mogal10962@20minutemail.it,+913204512322
airawat,airawat10525@20minutemail.it,+917879532608
swati,swati10140@20minutemail.it,+916937808606
khire,khire10128@20minutemail.it,+914751199296
smera,smera10806@20minutemail.it,+912487469032
ranesh,ranesh10848@20minutemail.it,+916022466629
lama,lama10310@20minutemail.it,+914029562217
chinnari,chinnari10787@20minutemail.it,+911465421059
sarala,sarala10450@20minutemail.it,+912860409797
kulbhushan,kulbhushan10556@20minutemail.it,+915396018000
aryana,aryana10691@20minutemail.it,+914956523328
mangla,mangla10866@20minutemail.it,+917597923780
badal,badal10905@20minutemail.it,+913605863228
abeddin,abeddin10527@20minutemail.it,+913810550216
avkash,avkash10504@20minutemail.it,+916106419975
rajanikant,rajanikant10311@20minutemail.it,+913301872891
jaithra,jaithra10721@20minutemail.it,+914025627022
souvik,souvik10333@20minutemail.it,+912061955071
shivakumar,shivakumar10736@20minutemail.it,+912244697645
harinath,harinath10670@20minutemail.it,+914369597856
tapaswi,tapaswi10525@20minutemail.it,+918488989215
vaidya,vaidya10363@20minutemail.it,+911717327899
jitesh,jitesh10640@20minutemail.it,+911630870201
siddhima,siddhima10589@20minutemail.it,+912311124114
rati,rati10162@20minutemail.it,+914730156093
rajendra,rajendra10758@20minutemail.it,+918075176830
nishanth,nishanth10549@20minutemail.it,+916181522993
manjusha,manjusha10267@20minutemail.it,+918281374598
manas,manas10728@20minutemail.it,+915131444140
jasmina,jasmina10786@20minutemail.it,+915402777715
goel,goel10402@20minutemail.it,+915206864543
munot,munot10704@20minutemail.it,+915334148236
sushanti,sushanti10647@20minutemail.it,+912087175118
harpreet,harpreet10613@20minutemail.it,+916027319917
eish,eish10466@20minutemail.it,+918757357454
neepa,neepa10741@20minutemail.it,+918572649361
guwalani,guwalani10727@20minutemail.it,+918999500879
bodhankar,bodhankar10523@20minutemail.it,+916599789988
mustafa,mustafa10514@20minutemail.it,+916118814446
devanathan,devanathan10913@20minutemail.it,+918252601389
chandranan,chandranan10134@20minutemail.it,+916388819100
venkataramana,venkataramana10841@20minutemail.it,+913296383396
edha,edha10509@20minutemail.it,+913778790330
satpathy,satpathy10168@20minutemail.it,+916722330604
pehlaj,pehlaj10669@20minutemail.it,+914485342599
shrikeshav,shrikeshav10688@20minutemail.it,+914862733378
kumarpal,kumarpal10166@20minutemail.it,+917882172304
thirunarayanan,thirunarayanan10269@20minutemail.it,+912037332666
kabbur,kabbur10450@20minutemail.it,+914499019874
abhira,abhira10239@20minutemail.it,+912727713099
venya,venya10590@20minutemail.it,+913095940825
nripendra,nripendra10165@20minutemail.it,+912704871499
rwiju,rwiju10983@20minutemail.it,+919684449063
suja,suja10313@20minutemail.it,+915698550578
milit,milit10640@20minutemail.it,+914162483182
rangarajan,rangarajan10243@20minutemail.it,+918716183288
sreejata,sreejata10345@20minutemail.it,+919295466446
snehin,snehin10790@20minutemail.it,+915025586568
asah,asah10179@20minutemail.it,+916752760201
goswamee,goswamee10485@20minutemail.it,+914542121274
ramavatar,ramavatar10114@20minutemail.it,+911389584150
warrier,warrier10113@20minutemail.it,+916269333525
prajin,prajin10304@20minutemail.it,+915016721963
lopamudra,lopamudra10154@20minutemail.it,+918418340936
thenral,thenral10462@20minutemail.it,+917332978929
safal,safal10331@20minutemail.it,+913288843189
hemantbhai,hemantbhai10148@20minutemail.it,+916380080259
sivaji,sivaji10686@20minutemail.it,+918027696637
ahijit,ahijit10229@20minutemail.it,+917753516363
chakravarthi,chakravarthi10576@20minutemail.it,+915646429726
chatrath,chatrath10129@20minutemail.it,+911630107882
ghugre,ghugre10257@20minutemail.it,+915895109599
akshaya,akshaya10796@20minutemail.it,+919008479048
padmaj,padmaj10181@20minutemail.it,+915238048802
bel,bel10644@20minutemail.it,+919082011956
mishita,mishita10428@20minutemail.it,+913393252257
tendulkar,tendulkar10994@20minutemail.it,+917381769282
amitiyoti,amitiyoti10638@20minutemail.it,+914162137612
balanath,balanath10716@20minutemail.it,+919505782678
tonapi,tonapi10207@20minutemail.it,+914597988556
anshumat,anshumat10884@20minutemail.it,+914628248031
teltia,teltia10829@20minutemail.it,+914187276307
mangala,mangala10503@20minutemail.it,+912801906320
shobha,shobha10723@20minutemail.it,+912496100041
purav,purav10242@20minutemail.it,+912099306067
padiyar,padiyar10305@20minutemail.it,+911161276447
yudhajit,yudhajit10486@20minutemail.it,+916486283419
hambir,hambir10339@20minutemail.it,+913711366795
gokeda,gokeda10694@20minutemail.it,+913124193615
nabhoj,nabhoj10667@20minutemail.it,+911351214693
roopali,roopali10675@20minutemail.it,+915102202822
suhag,suhag10811@20minutemail.it,+915536357286
orpita,orpita10111@20minutemail.it,+912460796074
kishnani,kishnani10301@20minutemail.it,+915764608161
iksha,iksha10985@20minutemail.it,+917308414776
gavankar,gavankar10431@20minutemail.it,+911635987435
abhirupa,abhirupa10274@20minutemail.it,+917206777234
deopura,deopura10398@20minutemail.it,+917689020720
lokeshwar,lokeshwar10224@20minutemail.it,+919432379740
sajeev,sajeev10524@20minutemail.it,+917200962678
jeyasingh,jeyasingh10267@20minutemail.it,+919320489985
utbah,utbah10193@20minutemail.it,+919186087090
sajiva,sajiva10664@20minutemail.it,+912372297074
sampath,sampath10276@20minutemail.it,+919487736545
nalinaksha,nalinaksha10523@20minutemail.it,+916219535126
mandhatri,mandhatri10647@20minutemail.it,+916645283801
zanzal,zanzal10446@20minutemail.it,+918887349669
harikishan,harikishan10326@20minutemail.it,+916462367311
mantri,mantri10418@20minutemail.it,+918099149977
kunder,kunder10172@20minutemail.it,+912311127181
behari,behari10112@20minutemail.it,+919858632068
darpak,darpak10296@20minutemail.it,+915566452922
mudapplur,mudapplur10595@20minutemail.it,+914061484345
alisha,alisha10738@20minutemail.it,+917263488808
mahadevan,mahadevan10122@20minutemail.it,+916618978365
yema,yema10206@20minutemail.it,+919953657475
deevi,deevi10824@20minutemail.it,+916188434134
pat,pat10516@20minutemail.it,+915501871697
devadarshan,devadarshan10421@20minutemail.it,+916419678387
ishwarchandra,ishwarchandra10874@20minutemail.it,+918629576589
roshni,roshni10191@20minutemail.it,+918496590316
vanjani,vanjani10202@20minutemail.it,+911408048008
tamilselvan,tamilselvan10780@20minutemail.it,+919912320513
maruti,maruti10698@20minutemail.it,+918112959944
dombe,dombe10162@20minutemail.it,+916591016428
karambelkar,karambelkar10700@20minutemail.it,+914850559380
kamsantak,kamsantak10214@20minutemail.it,+917953608825
satbir,satbir10383@20minutemail.it,+911455054982
venkataramann,venkataramann10746@20minutemail.it,+915684988704
tripura,tripura10583@20minutemail.it,+915777787979
ankesh,ankesh10903@20minutemail.it,+911162880234
tirupathi,tirupathi10986@20minutemail.it,+912747899698
jalbhushan,jalbhushan10416@20minutemail.it,+917723545111
bishamber,bishamber10465@20minutemail.it,+916691438506
sreedhar,sreedhar10612@20minutemail.it,+919608018028
